acc,status,remain,reward,prize,ms,note
abul10000,SPUN,1,500,500 xu,3534,
abul10001,SPUN,1,25,25 xu,3625,
abul10002,SPUN,1,25,25 xu,3442,
abul10003,SPUN,1,500,500 xu,3497,
abul10004,SPUN,1,50,50 xu,3517,
abul10005,SPUN,1,1000,1000 xu,3499,
abul10006,SPUN,1,100,100 xu,3542,
abul10007,SPUN,1,75,75 xu,3581,
abul10008,SPUN,1,1000,1000 xu,3552,
abul10009,SPUN,1,250,250 xu,3553,
abul10010,SPUN,1,300,300 xu,3485,
abul10011,SPUN,1,50,50 xu,3597,
abul10012,SPUN,1,25,25 xu,3626,
abul10013,SPUN,1,10,10 xu,3623,
abul10014,SPUN,1,750,750 xu,3646,
abul10015,SPUN,1,300,300 xu,3590,
abul10016,SPUN,1,75,75 xu,3630,
abul10017,SPUN,1,10,10 xu,3531,
abul10018,SPUN,1,150,150 xu,3546,
abul10019,SPUN,1,50,50 xu,3589,
abul10020,SPUN,1,75,75 xu,3520,
abul10021,SPUN,1,500,500 xu,3512,
abul10022,SPUN,1,1000,1000 xu,3504,
abul10023,SPUN,1,250,250 xu,3525,
abul10024,SPUN,1,100,100 xu,3500,
abul10025,SPUN,1,150,150 xu,3597,
abul10026,SPUN,1,500,500 xu,3544,
abul10027,SPUN,1,500,500 xu,3578,
abul10028,SPUN,1,500,500 xu,3470,
abul10029,SPUN,1,250,250 xu,3510,
abul10030,SPUN,1,10,10 xu,3601,
abul10031,SPUN,1,300,300 xu,3544,
abul10032,SPUN,1,10,10 xu,3643,
abul10033,SPUN,1,1000,1000 xu,3639,
abul10034,SPUN,1,10,10 xu,3611,
abul10035,SPUN,1,200,200 xu,3566,
abul10036,SPUN,1,300,300 xu,3596,
abul10037,SPUN,1,300,300 xu,3148,
abul10038,SPUN,1,500,500 xu,3610,
abul10039,SPUN,1,250,250 xu,3630,
abul10040,SPUN,1,200,200 xu,3544,
abul10041,SPUN,1,10,10 xu,3470,
abul10042,SPUN,1,150,150 xu,3565,
abul10043,SPUN,1,100,100 xu,3593,
abul10044,SPUN,1,10,10 xu,3639,
abul10045,SPUN,1,100,100 xu,3519,
abul10046,SPUN,1,300,300 xu,3538,
abul10047,SPUN,1,50,50 xu,3168,
abul10048,SPUN,1,250,250 xu,3560,
abul10049,SPUN,1,200,200 xu,3617,
abul10050,SPUN,1,25,25 xu,3565,
abul10051,SPUN,1,10,10 xu,3551,
abul10052,SPUN,1,100,100 xu,3675,
abul10053,SPUN,1,500,500 xu,4023,
abul10054,SPUN,1,25,25 xu,3752,
abul10055,SPUN,1,500,500 xu,3535,
abul10056,SPUN,1,750,750 xu,3574,
abul10057,SPUN,1,500,500 xu,3585,
abul10058,SPUN,1,250,250 xu,3526,
abul10059,SPUN,1,200,200 xu,3672,
abul10060,SPUN,1,1000,1000 xu,3566,
abul10061,SPUN,1,50,50 xu,3686,
abul10062,SPUN,1,250,250 xu,3565,
abul10063,SPUN,1,10,10 xu,3110,
abul10064,SPUN,1,10,10 xu,3582,
abul10065,SPUN,1,200,200 xu,3517,
abul10066,SPUN,1,75,75 xu,3492,
abul10067,SPUN,1,750,750 xu,3594,
abul10068,SPUN,1,100,100 xu,3585,
abul10069,SPUN,1,200,200 xu,3511,
abul10070,SPUN,1,250,250 xu,3565,
abul10071,SPUN,1,750,750 xu,3573,
abul10072,SPUN,1,75,75 xu,3557,
abul10073,SPUN,1,300,300 xu,3502,
abul10074,SPUN,1,25,25 xu,3498,
abul10075,SPUN,1,75,75 xu,3665,
abul10076,SPUN,1,50,50 xu,3622,
abul10077,SPUN,1,300,300 xu,3449,
abul10078,SPUN,1,250,250 xu,3547,
abul10079,SPUN,1,100,100 xu,3535,
abul10080,SPUN,1,300,300 xu,3508,
abul10081,SPUN,1,200,200 xu,3544,
abul10082,SPUN,1,200,200 xu,3547,
abul10083,SPUN,1,150,150 xu,3564,
abul10084,SPUN,1,250,250 xu,3613,
abul10085,SPUN,1,1000,1000 xu,3593,
abul10086,SPUN,1,150,150 xu,3605,
abul10087,SPUN,1,1000,1000 xu,3695,
abul10088,SPUN,1,300,300 xu,3676,
abul10089,SPUN,1,150,150 xu,3518,
abul10090,SPUN,1,200,200 xu,3482,
abul10091,SPUN,1,750,750 xu,3466,
abul10092,SPUN,1,200,200 xu,3661,
abul10093,SPUN,1,25,25 xu,3567,
abul10094,SPUN,1,75,75 xu,3696,
abul10095,SPUN,1,10,10 xu,3586,
abul10096,SPUN,1,750,750 xu,3583,
abul10097,SPUN,1,1000,1000 xu,3592,
abul10098,SPUN,1,10,10 xu,3462,
abul10099,SPUN,1,200,200 xu,3614,
abul10100,SPUN,1,100,100 xu,3610,
abul10101,SPUN,1,300,300 xu,3439,
abul10102,SPUN,1,100,100 xu,3559,
abul10103,SPUN,1,1000,1000 xu,3473,
abul10104,SPUN,1,500,500 xu,3609,
abul10105,SPUN,1,500,500 xu,3587,
abul10106,SPUN,1,200,200 xu,3498,
abul10107,SPUN,1,200,200 xu,3568,
abul10108,SPUN,1,75,75 xu,3545,
abul10109,SPUN,1,150,150 xu,3629,
abul10110,SPUN,1,10,10 xu,3488,
abul10111,SPUN,1,1000,1000 xu,3646,
abul10112,SPUN,1,75,75 xu,3613,
abul10113,SPUN,1,200,200 xu,3554,
abul10114,SPUN,1,750,750 xu,3536,
abul10115,SPUN,1,500,500 xu,3606,
abul10116,SPUN,1,75,75 xu,3644,
abul10117,SPUN,1,500,500 xu,3480,
abul10118,SPUN,1,100,100 xu,3524,
abul10119,SPUN,1,200,200 xu,3443,
abul10120,SPUN,1,300,300 xu,3488,
abul10121,SPUN,1,50,50 xu,3534,
abul10122,SPUN,1,75,75 xu,3455,
abul10123,SPUN,1,75,75 xu,3635,
abul10124,SPUN,1,250,250 xu,3538,
abul10125,SPUN,1,50,50 xu,3586,
abul10126,SPUN,1,1000,1000 xu,3566,
abul10127,SPUN,1,250,250 xu,3701,
abul10128,SPUN,1,250,250 xu,3635,
abul10129,SPUN,1,100,100 xu,3589,
abul10130,SPUN,1,50,50 xu,3445,
abul10131,SPUN,1,200,200 xu,3560,
abul10132,SPUN,1,1000,1000 xu,3653,
abul10133,SPUN,1,1000,1000 xu,3568,
abul10134,SPUN,1,750,750 xu,3567,
abul10135,SPUN,1,300,300 xu,3608,
abul10136,SPUN,1,150,150 xu,3517,
abul10137,SPUN,1,1000,1000 xu,3489,
abul10138,SPUN,1,25,25 xu,3470,
abul10139,SPUN,1,150,150 xu,3485,
abul10140,SPUN,1,150,150 xu,3583,
abul10141,SPUN,1,500,500 xu,3584,
abul10142,SPUN,1,75,75 xu,3143,
abul10143,SPUN,1,10,10 xu,3562,
abul10144,SPUN,1,250,250 xu,3519,
abul10145,SPUN,1,250,250 xu,3534,
abul10146,SPUN,1,100,100 xu,3625,
abul10147,SPUN,1,75,75 xu,3514,
abul10148,SPUN,1,75,75 xu,3414,
abul10149,SPUN,1,100,100 xu,3613,
abul10150,SPUN,1,1000,1000 xu,3638,
abul10151,SPUN,1,150,150 xu,3619,
abul10152,SPUN,1,500,500 xu,3580,
abul10153,SPUN,1,250,250 xu,3555,
abul10154,SPUN,1,200,200 xu,3584,
abul10155,SPUN,1,300,300 xu,3588,
abul10156,SPUN,1,10,10 xu,3507,
abul10157,SPUN,1,100,100 xu,3595,
abul10158,SPUN,1,75,75 xu,3516,
abul10159,SPUN,1,10,10 xu,3507,
abul10160,SPUN,1,50,50 xu,3478,
abul10161,SPUN,1,500,500 xu,3515,
abul10162,SPUN,1,1000,1000 xu,3546,
abul10163,SPUN,1,300,300 xu,3530,
abul10164,SPUN,1,75,75 xu,3567,
abul10165,SPUN,1,200,200 xu,3548,
abul10166,SPUN,1,25,25 xu,3592,
abul10167,SPUN,1,300,300 xu,3621,
abul10168,SPUN,1,750,750 xu,3434,
abul10169,SPUN,1,500,500 xu,3535,
abul10170,SPUN,1,150,150 xu,4122,
abul10171,SPUN,1,750,750 xu,3626,
abul10172,SPUN,1,75,75 xu,3486,
abul10173,SPUN,1,75,75 xu,3621,
abul10174,SPUN,1,50,50 xu,3543,
abul10175,SPUN,1,1000,1000 xu,3479,
abul10176,SPUN,1,750,750 xu,3681,
abul10177,SPUN,1,1000,1000 xu,3584,
abul10178,SPUN,1,50,50 xu,3587,
abul10179,SPUN,1,1000,1000 xu,3450,
abul10180,SPUN,1,750,750 xu,3586,
abul10181,SPUN,1,300,300 xu,3608,
abul10182,SPUN,1,25,25 xu,3565,
abul10183,SPUN,1,1000,1000 xu,3619,
abul10184,SPUN,1,50,50 xu,3518,
abul10185,SPUN,1,300,300 xu,3577,
abul10186,SPUN,1,150,150 xu,3601,
abul10187,SPUN,1,25,25 xu,3466,
abul10188,SPUN,1,50,50 xu,3504,
abul10189,SPUN,1,75,75 xu,3607,
abul10190,SPUN,1,150,150 xu,3578,
abul10191,SPUN,1,1000,1000 xu,3623,
abul10192,SPUN,1,750,750 xu,3587,
abul10193,SPUN,1,200,200 xu,3594,
abul10194,SPUN,1,100,100 xu,3608,
abul10195,SPUN,1,500,500 xu,3511,
abul10196,SPUN,1,25,25 xu,3539,
abul10197,SPUN,1,50,50 xu,3540,
abul10198,SPUN,1,750,750 xu,3637,
abul10199,SPUN,1,750,750 xu,3571,
abul10200,SPUN,1,300,300 xu,3563,
abul10201,SPUN,1,75,75 xu,3612,
abul10202,SPUN,1,25,25 xu,3522,
abul10203,SPUN,1,50,50 xu,3543,
abul10204,SPUN,1,500,500 xu,3543,
abul10205,SPUN,1,50,50 xu,3536,
abul10206,SPUN,1,100,100 xu,3569,
abul10207,SPUN,1,25,25 xu,3550,
abul10208,SPUN,1,1000,1000 xu,3603,
abul10209,SPUN,1,75,75 xu,3501,
abul10210,SPUN,1,100,100 xu,3686,
abul10211,SPUN,1,500,500 xu,3400,
abul10212,SPUN,1,150,150 xu,3546,
abul10213,SPUN,1,10,10 xu,3501,
abul10214,SPUN,1,10,10 xu,3430,
abul10215,SPUN,1,750,750 xu,3521,
abul10216,SPUN,1,25,25 xu,3559,
abul10217,SPUN,1,150,150 xu,3511,
abul10218,SPUN,1,1000,1000 xu,3541,
abul10219,SPUN,1,75,75 xu,3579,
abul10220,SPUN,1,750,750 xu,3580,
abul10221,SPUN,1,10,10 xu,3851,
abul10222,SPUN,1,1000,1000 xu,3178,
abul10223,SPUN,1,50,50 xu,3596,
abul10224,SPUN,1,100,100 xu,3604,
abul10225,SPUN,1,150,150 xu,3655,
abul10226,SPUN,1,75,75 xu,3584,
abul10227,SPUN,1,100,100 xu,3584,
abul10228,SPUN,1,500,500 xu,3496,
abul10229,SPUN,1,50,50 xu,3779,
abul10230,SPUN,1,500,500 xu,3480,
abul10231,SPUN,1,750,750 xu,3522,
abul10232,SPUN,1,25,25 xu,3551,
abul10233,SPUN,1,300,300 xu,3993,
abul10234,SPUN,1,150,150 xu,4014,
abul10235,SPUN,1,50,50 xu,3564,
abul10236,SPUN,1,25,25 xu,3583,
abul10237,SPUN,1,1000,1000 xu,3666,
abul10238,SPUN,1,25,25 xu,3663,
abul10239,SPUN,1,500,500 xu,3534,
abul10240,SPUN,1,150,150 xu,3540,
abul10241,SPUN,1,75,75 xu,3506,
abul10242,SPUN,1,500,500 xu,3641,
abul10243,SPUN,1,50,50 xu,3548,
abul10244,SPUN,1,200,200 xu,3559,
abul10245,SPUN,1,1000,1000 xu,3484,
abul10246,SPUN,1,500,500 xu,3590,
abul10247,SPUN,1,750,750 xu,3501,
abul10248,SPUN,1,300,300 xu,3543,
abul10249,SPUN,1,150,150 xu,3544,
abul10250,SPUN,1,10,10 xu,3493,
abul10251,SPUN,1,150,150 xu,3601,
abul10252,SPUN,1,750,750 xu,3569,
abul10253,SPUN,1,75,75 xu,3570,
abul10254,SPUN,1,25,25 xu,3597,
abul10255,SPUN,1,1000,1000 xu,3547,
abul10256,SPUN,1,25,25 xu,3644,
abul10257,SPUN,1,10,10 xu,3608,
abul10258,SPUN,1,300,300 xu,3497,
abul10259,SPUN,1,25,25 xu,3610,
abul10260,SPUN,1,250,250 xu,3628,
abul10261,SPUN,1,750,750 xu,3552,
abul10262,SPUN,1,500,500 xu,3571,
abul10263,SPUN,1,75,75 xu,3449,
abul10264,SPUN,1,500,500 xu,3443,
abul10265,SPUN,1,10,10 xu,3623,
abul10266,SPUN,1,750,750 xu,3534,
abul10267,SPUN,1,1000,1000 xu,3570,
abul10268,SPUN,1,300,300 xu,3594,
abul10269,SPUN,1,50,50 xu,3524,
abul10270,SPUN,1,50,50 xu,3559,
abul10271,SPUN,1,50,50 xu,3639,
abul10272,SPUN,1,500,500 xu,3511,
abul10273,SPUN,1,750,750 xu,3580,
abul10274,SPUN,1,50,50 xu,3577,
abul10275,SPUN,1,150,150 xu,3581,
abul10276,SPUN,1,200,200 xu,3498,
abul10277,SPUN,1,300,300 xu,3475,
abul10278,SPUN,1,500,500 xu,3618,
abul10279,SPUN,1,10,10 xu,3536,
abul10280,SPUN,1,250,250 xu,3501,
abul10281,SPUN,1,10,10 xu,3638,
abul10282,SPUN,1,300,300 xu,3648,
abul10283,SPUN,1,750,750 xu,3516,
abul10284,SPUN,1,100,100 xu,3596,
abul10285,SPUN,1,75,75 xu,3622,
abul10286,SPUN,1,10,10 xu,3635,
abul10287,SPUN,1,750,750 xu,3594,
abul10288,SPUN,1,200,200 xu,3620,
abul10289,SPUN,1,100,100 xu,3547,
abul10290,SPUN,1,50,50 xu,3500,
abul10291,SPUN,1,300,300 xu,3636,
abul10292,SPUN,1,750,750 xu,3597,
abul10293,SPUN,1,250,250 xu,3535,
abul10294,SPUN,1,500,500 xu,3501,
abul10295,SPUN,1,25,25 xu,3607,
abul10296,SPUN,1,1000,1000 xu,3504,
abul10297,SPUN,1,1000,1000 xu,3550,
abul10298,SPUN,1,75,75 xu,3540,
abul10299,SPUN,1,100,100 xu,3696,
abul10300,SPUN,1,250,250 xu,3605,
abul10301,SPUN,1,75,75 xu,3570,
abul10302,SPUN,1,300,300 xu,3556,
abul10303,SPUN,1,10,10 xu,3628,
abul10304,SPUN,1,50,50 xu,3589,
abul10305,SPUN,1,200,200 xu,3469,
abul10306,SPUN,1,300,300 xu,3630,
abul10307,SPUN,1,150,150 xu,3435,
abul10308,SPUN,1,300,300 xu,3730,
abul10309,SPUN,1,100,100 xu,3565,
abul10310,SPUN,1,1000,1000 xu,3547,
abul10311,SPUN,1,75,75 xu,3529,
abul10312,SPUN,1,150,150 xu,3571,
abul10313,SPUN,1,100,100 xu,3582,
abul10314,SPUN,1,200,200 xu,3581,
abul10315,SPUN,1,25,25 xu,3540,
abul10316,SPUN,1,1000,1000 xu,3592,
abul10317,SPUN,1,75,75 xu,3497,
abul10318,SPUN,1,200,200 xu,3604,
abul10319,SPUN,1,75,75 xu,3596,
abul10320,SPUN,1,150,150 xu,3565,
abul10321,SPUN,1,300,300 xu,3550,
abul10322,SPUN,1,1000,1000 xu,3609,
abul10323,SPUN,1,25,25 xu,3509,
abul10324,SPUN,1,500,500 xu,3562,
abul10325,SPUN,1,1000,1000 xu,3542,
abul10326,SPUN,1,75,75 xu,3555,
abul10327,SPUN,1,75,75 xu,3548,
abul10328,SPUN,1,1000,1000 xu,3592,
abul10329,SPUN,1,25,25 xu,3523,
abul10330,SPUN,1,100,100 xu,3552,
abul10331,SPUN,1,75,75 xu,3840,
abul10332,SPUN,1,750,750 xu,3539,
abul10333,SPUN,1,500,500 xu,3562,
abul10334,SPUN,1,1000,1000 xu,3571,
abul10335,SPUN,1,1000,1000 xu,3559,
abul10336,SPUN,1,750,750 xu,3613,
abul10337,SPUN,1,50,50 xu,3514,
abul10338,SPUN,1,25,25 xu,3498,
abul10339,SPUN,1,75,75 xu,3529,
abul10340,SPUN,1,75,75 xu,3497,
abul10341,SPUN,1,250,250 xu,3508,
abul10342,SPUN,1,300,300 xu,3586,
abul10343,SPUN,1,1000,1000 xu,3577,
abul10344,SPUN,1,150,150 xu,3382,
abul10345,SPUN,1,150,150 xu,3523,
abul10346,SPUN,1,750,750 xu,3554,
abul10347,SPUN,1,750,750 xu,3633,
abul10348,SPUN,1,250,250 xu,3559,
abul10349,SPUN,1,100,100 xu,3640,
abul10350,SPUN,1,300,300 xu,3616,
abul10351,SPUN,1,750,750 xu,3526,
abul10352,SPUN,1,150,150 xu,3606,
abul10353,SPUN,1,250,250 xu,3627,
abul10354,SPUN,1,50,50 xu,3582,
abul10355,SPUN,1,250,250 xu,3636,
abul10356,SPUN,1,25,25 xu,3622,
abul10357,SPUN,1,150,150 xu,3620,
abul10358,SPUN,1,500,500 xu,3575,
abul10359,SPUN,1,150,150 xu,3500,
abul10360,SPUN,1,300,300 xu,3510,
abul10361,SPUN,1,100,100 xu,3529,
abul10362,SPUN,1,75,75 xu,3524,
abul10363,SPUN,1,250,250 xu,3607,
abul10364,SPUN,1,250,250 xu,3563,
abul10365,SPUN,1,50,50 xu,4036,
abul10366,SPUN,1,50,50 xu,3554,
abul10367,SPUN,1,300,300 xu,3549,
abul10368,SPUN,1,300,300 xu,3615,
abul10369,SPUN,1,300,300 xu,3499,
abul10370,SPUN,1,75,75 xu,3640,
abul10371,SPUN,1,75,75 xu,3557,
abul10372,SPUN,1,150,150 xu,3520,
abul10373,SPUN,1,50,50 xu,3590,
abul10374,SPUN,1,75,75 xu,3573,
abul10375,SPUN,1,1000,1000 xu,3489,
abul10376,SPUN,1,150,150 xu,3482,
abul10377,SPUN,1,250,250 xu,3674,
abul10378,SPUN,1,25,25 xu,3521,
abul10379,SPUN,1,25,25 xu,3529,
abul10380,SPUN,1,750,750 xu,3603,
abul10381,SPUN,1,100,100 xu,3576,
abul10382,SPUN,1,10,10 xu,3531,
abul10383,SPUN,1,50,50 xu,3550,
abul10384,SPUN,1,300,300 xu,3578,
abul10385,SPUN,1,10,10 xu,3641,
abul10386,SPUN,1,1000,1000 xu,3526,
abul10387,SPUN,1,100,100 xu,3534,
abul10388,SPUN,1,50,50 xu,3608,
abul10389,SPUN,1,25,25 xu,3586,
abul10390,SPUN,1,1000,1000 xu,3580,
abul10391,SPUN,1,500,500 xu,3517,
abul10392,SPUN,1,150,150 xu,3523,
abul10393,SPUN,1,750,750 xu,3461,
abul10394,SPUN,1,75,75 xu,3620,
abul10395,SPUN,1,500,500 xu,3498,
abul10396,SPUN,1,1000,1000 xu,3591,
abul10397,SPUN,1,200,200 xu,3536,
abul10398,SPUN,1,300,300 xu,3591,
abul10399,SPUN,1,500,500 xu,3597,
abul10400,SPUN,1,200,200 xu,3582,
abul10401,SPUN,1,1000,1000 xu,3499,
abul10402,SPUN,1,1000,1000 xu,3532,
abul10403,SPUN,1,100,100 xu,3516,
abul10404,SPUN,1,1000,1000 xu,3566,
abul10405,SPUN,1,50,50 xu,3603,
abul10406,SPUN,1,25,25 xu,3544,
abul10407,SPUN,1,1000,1000 xu,3548,
abul10408,SPUN,1,75,75 xu,3468,
abul10409,SPUN,1,300,300 xu,3074,
abul10410,SPUN,1,150,150 xu,3657,
abul10411,SPUN,1,150,150 xu,3521,
abul10412,SPUN,1,250,250 xu,3504,
abul10413,SPUN,1,75,75 xu,3808,
abul10414,SPUN,1,150,150 xu,3558,
abul10415,SPUN,1,100,100 xu,3583,
abul10416,SPUN,1,10,10 xu,3584,
abul10417,SPUN,1,250,250 xu,3621,
abul10418,SPUN,1,50,50 xu,3515,
abul10419,SPUN,1,750,750 xu,3612,
abul10420,SPUN,1,1000,1000 xu,3612,
abul10421,SPUN,1,100,100 xu,3617,
abul10422,SPUN,1,75,75 xu,3575,
abul10423,SPUN,1,10,10 xu,3563,
abul10424,SPUN,1,10,10 xu,3515,
abul10425,SPUN,1,250,250 xu,3167,
abul10426,SPUN,1,500,500 xu,3568,
abul10427,SPUN,1,1000,1000 xu,3569,
abul10428,SPUN,1,1000,1000 xu,3620,
abul10429,SPUN,1,10,10 xu,3515,
abul10430,SPUN,1,10,10 xu,3979,
abul10431,SPUN,1,25,25 xu,3740,
abul10432,SPUN,1,25,25 xu,3550,
abul10433,SPUN,1,1000,1000 xu,3589,
abul10434,SPUN,1,75,75 xu,3534,
abul10435,SPUN,1,300,300 xu,3486,
abul10436,SPUN,1,300,300 xu,3518,
abul10437,SPUN,1,100,100 xu,3629,
abul10438,SPUN,1,200,200 xu,3510,
abul10439,SPUN,1,200,200 xu,3669,
abul10440,SPUN,1,10,10 xu,3564,
abul10441,SPUN,1,50,50 xu,3516,
abul10442,SPUN,1,500,500 xu,3551,
abul10443,SPUN,1,10,10 xu,3788,
abul10444,SPUN,1,500,500 xu,3461,
abul10445,SPUN,1,50,50 xu,3504,
abul10446,SPUN,1,1000,1000 xu,3604,
abul10447,SPUN,1,1000,1000 xu,3540,
abul10448,SPUN,1,250,250 xu,3522,
abul10449,SPUN,1,500,500 xu,3450,
abul10450,SPUN,1,200,200 xu,3575,
abul10451,SPUN,1,100,100 xu,3642,
abul10452,SPUN,1,300,300 xu,3137,
abul10453,SPUN,1,300,300 xu,3449,
abul10454,SPUN,1,750,750 xu,3645,
abul10455,SPUN,1,300,300 xu,3430,
abul10456,SPUN,1,500,500 xu,3603,
abul10457,SPUN,1,25,25 xu,3616,
abul10458,SPUN,1,1000,1000 xu,3640,
abul10459,SPUN,1,10,10 xu,3540,
abul10460,SPUN,1,100,100 xu,3531,
abul10461,SPUN,1,500,500 xu,3536,
abul10462,SPUN,1,250,250 xu,3582,
abul10463,SPUN,1,10,10 xu,3604,
abul10464,SPUN,1,150,150 xu,3535,
abul10465,SPUN,1,25,25 xu,3530,
abul10466,SPUN,1,150,150 xu,3604,
abul10467,SPUN,1,150,150 xu,4042,
abul10468,SPUN,1,25,25 xu,3665,
abul10469,SPUN,1,75,75 xu,3551,
abul10470,SPUN,1,75,75 xu,3553,
abul10471,SPUN,1,250,250 xu,3497,
abul10472,SPUN,1,300,300 xu,3502,
abul10473,SPUN,1,250,250 xu,3547,
abul10474,SPUN,1,150,150 xu,3541,
abul10475,SPUN,1,100,100 xu,3660,
abul10476,SPUN,1,300,300 xu,3621,
abul10477,SPUN,1,250,250 xu,3590,
abul10478,SPUN,1,10,10 xu,3587,
abul10479,SPUN,1,75,75 xu,3603,
abul10480,SPUN,1,150,150 xu,3696,
abul10481,SPUN,1,10,10 xu,3476,
abul10482,SPUN,1,300,300 xu,3593,
abul10483,SPUN,1,200,200 xu,3563,
abul10484,SPUN,1,300,300 xu,3512,
abul10485,SPUN,1,300,300 xu,3504,
abul10486,SPUN,1,500,500 xu,3487,
abul10487,SPUN,1,500,500 xu,3579,
abul10488,SPUN,1,200,200 xu,3645,
abul10489,SPUN,1,150,150 xu,3502,
abul10490,SPUN,1,150,150 xu,3526,
abul10491,SPUN,1,75,75 xu,3450,
abul10492,SPUN,1,200,200 xu,3573,
abul10493,SPUN,1,10,10 xu,3513,
abul10494,SPUN,1,75,75 xu,3477,
abul10495,SPUN,1,1000,1000 xu,3109,
abul10496,SPUN,1,250,250 xu,3625,
abul10497,SPUN,1,250,250 xu,3517,
abul10498,SPUN,1,10,10 xu,3588,
abul10499,SPUN,1,200,200 xu,3483,
abul10500,SPUN,1,100,100 xu,3569,
abul10501,SPUN,1,75,75 xu,3523,
abul10502,SPUN,1,50,50 xu,3608,
abul10503,SPUN,1,50,50 xu,3602,
abul10504,SPUN,1,75,75 xu,4037,
abul10505,SPUN,1,150,150 xu,3700,
abul10506,SPUN,1,300,300 xu,3613,
abul10507,SPUN,1,50,50 xu,4067,
abul10508,SPUN,1,200,200 xu,3541,
abul10509,SPUN,1,75,75 xu,3611,
abul10510,SPUN,1,300,300 xu,3732,
abul10511,SPUN,1,500,500 xu,3623,
abul10512,SPUN,1,250,250 xu,3496,
abul10513,SPUN,1,250,250 xu,3530,
abul10514,SPUN,1,750,750 xu,3511,
abul10515,SPUN,1,75,75 xu,3594,
abul10516,SPUN,1,200,200 xu,3607,
abul10517,SPUN,1,10,10 xu,3492,
abul10518,SPUN,1,100,100 xu,3656,
abul10519,SPUN,1,300,300 xu,3545,
abul10520,SPUN,1,50,50 xu,3611,
abul10521,SPUN,1,10,10 xu,3601,
abul10522,SPUN,1,25,25 xu,3548,
abul10523,SPUN,1,10,10 xu,3579,
abul10524,SPUN,1,500,500 xu,3510,
abul10525,SPUN,1,50,50 xu,3452,
abul10526,SPUN,1,250,250 xu,3608,
abul10527,SPUN,1,300,300 xu,3553,
abul10528,SPUN,1,250,250 xu,3564,
abul10529,SPUN,1,75,75 xu,3548,
abul10530,SPUN,1,10,10 xu,3544,
abul10531,SPUN,1,25,25 xu,3530,
abul10532,SPUN,1,25,25 xu,3537,
abul10533,SPUN,1,300,300 xu,3517,
abul10534,SPUN,1,75,75 xu,3498,
abul10535,SPUN,1,250,250 xu,3482,
abul10536,SPUN,1,50,50 xu,3468,
abul10537,SPUN,1,250,250 xu,3557,
abul10538,SPUN,1,25,25 xu,3538,
abul10539,SPUN,1,150,150 xu,3489,
abul10540,SPUN,1,25,25 xu,3543,
abul10541,SPUN,1,75,75 xu,3660,
abul10542,SPUN,1,250,250 xu,3140,
abul10543,SPUN,1,750,750 xu,3479,
abul10544,SPUN,1,200,200 xu,3526,
abul10545,SPUN,1,25,25 xu,3521,
abul10546,SPUN,1,250,250 xu,3518,
abul10547,SPUN,1,1000,1000 xu,3525,
abul10548,SPUN,1,50,50 xu,3539,
abul10549,SPUN,1,25,25 xu,3597,
abul10550,SPUN,1,200,200 xu,3559,
abul10551,SPUN,1,250,250 xu,3642,
abul10552,SPUN,1,50,50 xu,3618,
abul10553,SPUN,1,25,25 xu,3586,
abul10554,SPUN,1,200,200 xu,3578,
abul10556,SPUN,1,300,300 xu,3548,
abul10557,SPUN,1,300,300 xu,3642,
abul10558,SPUN,1,500,500 xu,3621,
abul10559,SPUN,1,75,75 xu,3556,
abul10560,SPUN,1,300,300 xu,3707,
abul10561,SPUN,1,10,10 xu,3620,
abul10562,SPUN,1,250,250 xu,3527,
abul10563,SPUN,1,200,200 xu,3562,
abul10564,SPUN,1,100,100 xu,3613,
abul10565,SPUN,1,100,100 xu,3481,
abul10566,SPUN,1,25,25 xu,3588,
abul10567,SPUN,1,750,750 xu,3603,
abul10568,SPUN,1,50,50 xu,3534,
abul10569,SPUN,1,1000,1000 xu,3620,
abul10571,SPUN,1,500,500 xu,3098,
abul10572,SPUN,1,50,50 xu,3569,
abul10573,SPUN,1,25,25 xu,3609,
abul10574,SPUN,1,200,200 xu,3469,
abul10575,SPUN,1,750,750 xu,3491,
abul10576,SPUN,1,150,150 xu,3572,
abul10577,SPUN,1,1000,1000 xu,3547,
abul10578,SPUN,1,250,250 xu,3626,
abul10579,SPUN,1,150,150 xu,3601,
abul10580,SPUN,1,75,75 xu,3626,
abul10581,SPUN,1,75,75 xu,3612,
abul10582,SPUN,1,150,150 xu,3629,
abul10583,SPUN,1,300,300 xu,3488,
abul10584,SPUN,1,100,100 xu,3633,
abul10585,SPUN,1,150,150 xu,3597,
abul10586,SPUN,1,75,75 xu,3604,
abul10587,SPUN,1,200,200 xu,3572,
abul10588,SPUN,1,150,150 xu,3651,
abul10589,SPUN,1,500,500 xu,3472,
abul10590,SPUN,1,300,300 xu,3570,
abul10591,SPUN,1,300,300 xu,4069,
abul10592,SPUN,1,100,100 xu,3564,
abul10593,SPUN,1,50,50 xu,3530,
abul10594,SPUN,1,750,750 xu,3658,
abul10595,SPUN,1,10,10 xu,3591,
abul10596,SPUN,1,100,100 xu,3638,
abul10597,SPUN,1,250,250 xu,3604,
abul10598,SPUN,1,200,200 xu,3568,
abul10599,SPUN,1,500,500 xu,3621,
abul10600,SPUN,1,300,300 xu,3701,
abul10601,SPUN,1,300,300 xu,3650,
abul10602,SPUN,1,200,200 xu,4090,
abul10603,SPUN,1,200,200 xu,3740,
abul10604,SPUN,1,250,250 xu,3765,
abul10605,SPUN,1,50,50 xu,3720,
abul10606,SPUN,1,10,10 xu,4205,
abul10607,SPUN,1,500,500 xu,3769,
abul10608,SPUN,1,250,250 xu,3839,
abul10609,SPUN,1,1000,1000 xu,3708,
abul10610,SPUN,1,200,200 xu,3767,
abul10611,SPUN,1,750,750 xu,3700,
abul10612,SPUN,1,300,300 xu,3669,
abul10613,SPUN,1,500,500 xu,3809,
abul10614,SPUN,1,250,250 xu,4292,
abul10615,SPUN,1,750,750 xu,3815,
abul10616,SPUN,1,500,500 xu,3806,
abul10617,SPUN,1,300,300 xu,3714,
abul10618,SPUN,1,150,150 xu,3506,
abul10619,SPUN,1,750,750 xu,3112,
abul10620,SPUN,1,10,10 xu,3512,
abul10621,SPUN,1,100,100 xu,3476,
abul10622,SPUN,1,750,750 xu,3691,
abul10623,SPUN,1,25,25 xu,3661,
abul10624,SPUN,1,75,75 xu,4152,
abul10625,SPUN,1,75,75 xu,3663,
abul10626,SPUN,1,150,150 xu,3593,
abul10627,SPUN,1,300,300 xu,4146,
abul10628,SPUN,1,25,25 xu,3478,
abul10629,SPUN,1,200,200 xu,3539,
abul10630,SPUN,1,10,10 xu,3502,
abul10631,SPUN,1,25,25 xu,3614,
abul10632,SPUN,1,1000,1000 xu,3637,
abul10633,SPUN,1,100,100 xu,3571,
abul10634,SPUN,1,75,75 xu,3628,
abul10635,SPUN,1,500,500 xu,3644,
abul10636,SPUN,1,750,750 xu,3616,
abul10637,SPUN,1,150,150 xu,3629,
abul10638,SPUN,1,100,100 xu,3633,
abul10639,SPUN,1,500,500 xu,3513,
abul10640,SPUN,1,250,250 xu,4043,
abul10641,SPUN,1,1000,1000 xu,3512,
abul10642,SPUN,1,300,300 xu,3656,
abul10643,SPUN,1,750,750 xu,3497,
abul10644,SPUN,1,100,100 xu,3607,
abul10645,SPUN,1,300,300 xu,3558,
abul10646,SPUN,1,500,500 xu,3630,
abul10647,SPUN,1,1000,1000 xu,3639,
abul10648,SPUN,1,150,150 xu,3651,
abul10649,SPUN,1,50,50 xu,3632,
abul10650,SPUN,1,300,300 xu,3543,
abul10651,SPUN,1,200,200 xu,3468,
abul10652,SPUN,1,100,100 xu,3665,
abul10653,SPUN,1,500,500 xu,3701,
abul10654,SPUN,1,75,75 xu,3557,
abul10655,SPUN,1,25,25 xu,3654,
abul10656,SPUN,1,500,500 xu,3533,
abul10657,SPUN,1,300,300 xu,3573,
abul10658,SPUN,1,1000,1000 xu,3512,
abul10659,SPUN,1,750,750 xu,3473,
abul10660,SPUN,1,50,50 xu,3599,
abul10661,SPUN,1,200,200 xu,3556,
abul10662,SPUN,1,750,750 xu,3555,
abul10663,SPUN,1,1000,1000 xu,3589,
abul10664,SPUN,1,300,300 xu,3643,
abul10665,SPUN,1,10,10 xu,3563,
abul10666,SPUN,1,300,300 xu,3502,
abul10667,SPUN,1,300,300 xu,3662,
abul10668,SPUN,1,100,100 xu,3619,
abul10669,SPUN,1,500,500 xu,3647,
abul10670,SPUN,1,100,100 xu,3632,
abul10671,SPUN,1,150,150 xu,3509,
abul10672,SPUN,1,50,50 xu,4124,
abul10673,SPUN,1,750,750 xu,3552,
abul10674,SPUN,1,100,100 xu,3501,
abul10675,SPUN,1,500,500 xu,3531,
abul10676,SPUN,1,200,200 xu,3524,
abul10677,SPUN,1,500,500 xu,3497,
abul10678,SPUN,1,100,100 xu,3613,
abul10679,SPUN,1,500,500 xu,3503,
abul10680,SPUN,1,150,150 xu,3489,
abul10681,SPUN,1,1000,1000 xu,3565,
abul10682,SPUN,1,1000,1000 xu,3531,
abul10683,SPUN,1,300,300 xu,3507,
abul10684,SPUN,1,10,10 xu,3652,
abul10685,SPUN,1,250,250 xu,3536,
abul10686,SPUN,1,250,250 xu,3542,
abul10687,SPUN,1,200,200 xu,3642,
abul10688,SPUN,1,150,150 xu,3568,
abul10689,SPUN,1,150,150 xu,3575,
abul10690,SPUN,1,10,10 xu,3578,
abul10691,SPUN,1,500,500 xu,3483,
abul10692,SPUN,1,10,10 xu,3484,
abul10693,SPUN,1,750,750 xu,3573,
abul10694,SPUN,1,50,50 xu,3608,
abul10695,SPUN,1,500,500 xu,3652,
abul10696,SPUN,1,1000,1000 xu,3673,
abul10697,SPUN,1,300,300 xu,3091,
abul10698,SPUN,1,75,75 xu,3646,
abul10699,SPUN,1,100,100 xu,3550,
abul10700,SPUN,1,100,100 xu,3510,
abul10701,SPUN,1,200,200 xu,3560,
abul10702,SPUN,1,50,50 xu,3462,
abul10703,SPUN,1,500,500 xu,3534,
abul10704,SPUN,1,1000,1000 xu,3519,
abul10705,SPUN,1,75,75 xu,3626,
abul10706,SPUN,1,300,300 xu,3515,
abul10707,SPUN,1,250,250 xu,3587,
abul10708,SPUN,1,500,500 xu,3625,
abul10709,SPUN,1,25,25 xu,3581,
abul10710,SPUN,1,200,200 xu,3574,
abul10711,SPUN,1,75,75 xu,3595,
abul10712,SPUN,1,75,75 xu,3653,
abul10713,SPUN,1,50,50 xu,3567,
abul10714,SPUN,1,50,50 xu,3578,
abul10715,SPUN,1,300,300 xu,3475,
abul10716,SPUN,1,300,300 xu,3700,
abul10717,SPUN,1,1000,1000 xu,3645,
abul10718,SPUN,1,750,750 xu,3790,
abul10719,SPUN,1,25,25 xu,3615,
abul10720,SPUN,1,100,100 xu,3529,
abul10721,SPUN,1,10,10 xu,3645,
abul10722,SPUN,1,100,100 xu,3528,
abul10723,SPUN,1,500,500 xu,3595,
abul10724,SPUN,1,750,750 xu,3583,
abul10725,SPUN,1,500,500 xu,3522,
abul10726,SPUN,1,300,300 xu,3555,
abul10727,SPUN,1,300,300 xu,3465,
abul10729,SPUN,1,250,250 xu,3512,
abul10730,SPUN,1,75,75 xu,3502,
abul10731,SPUN,1,150,150 xu,3616,
abul10732,SPUN,1,75,75 xu,3593,
abul10733,SPUN,1,150,150 xu,3695,
abul10734,SPUN,1,50,50 xu,3681,
abul10735,SPUN,1,200,200 xu,3591,
abul10736,SPUN,1,250,250 xu,3552,
abul10737,SPUN,1,500,500 xu,3530,
abul10738,SPUN,1,300,300 xu,3571,
abul10739,SPUN,1,100,100 xu,3575,
abul10740,SPUN,1,500,500 xu,3557,
abul10741,SPUN,1,200,200 xu,3535,
abul10742,SPUN,1,100,100 xu,3575,
abul10743,SPUN,1,750,750 xu,3555,
abul10744,SPUN,1,200,200 xu,3545,
abul10745,SPUN,1,10,10 xu,3506,
abul10746,SPUN,1,75,75 xu,3481,
abul10747,SPUN,1,100,100 xu,3584,
abul10748,SPUN,1,500,500 xu,3580,
abul10750,SPUN,1,25,25 xu,3491,
abul10751,SPUN,1,300,300 xu,3573,
abul10752,SPUN,1,750,750 xu,3660,
abul10753,SPUN,1,100,100 xu,3649,
abul10754,SPUN,1,500,500 xu,3534,
abul10755,SPUN,1,10,10 xu,3504,
abul10756,SPUN,1,750,750 xu,3651,
abul10757,SPUN,1,50,50 xu,3604,
abul10758,SPUN,1,200,200 xu,3681,
abul10759,SPUN,1,300,300 xu,3659,
abul10760,SPUN,1,150,150 xu,3537,
abul10761,SPUN,1,25,25 xu,3545,
abul10762,SPUN,1,300,300 xu,3622,
abul10763,SPUN,1,10,10 xu,3720,
abul10764,SPUN,1,250,250 xu,3453,
abul10765,SPUN,1,1000,1000 xu,3515,
abul10766,SPUN,1,50,50 xu,3543,
abul10767,SPUN,1,200,200 xu,3434,
abul10768,SPUN,1,150,150 xu,3626,
abul10769,SPUN,1,25,25 xu,3613,
abul10770,SPUN,1,100,100 xu,3660,
abul10771,SPUN,1,25,25 xu,3544,
abul10772,SPUN,1,75,75 xu,3776,
abul10773,SPUN,1,300,300 xu,3657,
abul10774,SPUN,1,75,75 xu,3553,
abul10775,SPUN,1,300,300 xu,3520,
abul10776,SPUN,1,300,300 xu,3519,
abul10777,SPUN,1,200,200 xu,3536,
abul10778,SPUN,1,10,10 xu,3541,
abul10779,SPUN,1,200,200 xu,3569,
abul10780,SPUN,1,10,10 xu,3788,
abul10781,SPUN,1,500,500 xu,3500,
abul10782,SPUN,1,300,300 xu,3566,
abul10783,SPUN,1,75,75 xu,3606,
abul10784,SPUN,1,75,75 xu,3604,
abul10785,SPUN,1,300,300 xu,3668,
abul10786,SPUN,1,1000,1000 xu,3578,
abul10787,SPUN,1,250,250 xu,3540,
abul10788,SPUN,1,150,150 xu,3546,
abul10789,SPUN,1,1000,1000 xu,3653,
abul10790,SPUN,1,750,750 xu,3508,
abul10791,SPUN,1,250,250 xu,3506,
abul10792,SPUN,1,100,100 xu,3646,
abul10793,SPUN,1,1000,1000 xu,3673,
abul10794,SPUN,1,500,500 xu,3502,
abul10795,SPUN,1,200,200 xu,3647,
abul10796,SPUN,1,750,750 xu,3571,
abul10797,SPUN,1,150,150 xu,3621,
abul10798,SPUN,1,100,100 xu,3584,
abul10799,SPUN,1,300,300 xu,3584,
abul10800,SPUN,1,750,750 xu,3573,
abul10801,SPUN,1,200,200 xu,3652,
abul10802,SPUN,1,500,500 xu,3980,
abul10803,SPUN,1,500,500 xu,3619,
abul10804,SPUN,1,300,300 xu,3650,
abul10805,SPUN,1,200,200 xu,3505,
abul10806,SPUN,1,200,200 xu,3611,
abul10807,SPUN,1,500,500 xu,3487,
abul10808,SPUN,1,150,150 xu,3644,
abul10809,SPUN,1,10,10 xu,3525,
abul10810,SPUN,1,50,50 xu,3736,
abul10811,SPUN,1,1000,1000 xu,3587,
abul10812,SPUN,1,300,300 xu,3568,
abul10813,SPUN,1,150,150 xu,3597,
abul10814,SPUN,1,100,100 xu,3611,
abul10815,SPUN,1,200,200 xu,3588,
abul10816,SPUN,1,750,750 xu,3665,
abul10817,SPUN,1,250,250 xu,3494,
abul10818,SPUN,1,100,100 xu,3654,
abul10819,SPUN,1,10,10 xu,3098,
abul10820,SPUN,1,50,50 xu,3599,
abul10821,SPUN,1,750,750 xu,3659,
abul10822,SPUN,1,1000,1000 xu,3598,
abul10823,SPUN,1,50,50 xu,3654,
abul10824,SPUN,1,750,750 xu,3542,
abul10825,SPUN,1,100,100 xu,3604,
abul10826,SPUN,1,200,200 xu,3506,
abul10827,SPUN,1,200,200 xu,3791,
abul10828,SPUN,1,75,75 xu,3625,
abul10829,SPUN,1,500,500 xu,3681,
abul10830,SPUN,1,750,750 xu,3495,
abul10831,SPUN,1,25,25 xu,3696,
abul10832,SPUN,1,200,200 xu,3674,
abul10833,SPUN,1,500,500 xu,3605,
abul10834,SPUN,1,300,300 xu,3617,
abul10835,SPUN,1,25,25 xu,3483,
abul10836,SPUN,1,750,750 xu,3518,
abul10837,SPUN,1,750,750 xu,3579,
abul10838,SPUN,1,25,25 xu,3650,
abul10839,SPUN,1,100,100 xu,3689,
abul10840,SPUN,1,500,500 xu,3575,
abul10841,SPUN,1,100,100 xu,3667,
abul10842,SPUN,1,250,250 xu,3532,
abul10843,SPUN,1,1000,1000 xu,3659,
abul10844,SPUN,1,25,25 xu,3585,
abul10845,SPUN,1,200,200 xu,3622,
abul10846,SPUN,1,750,750 xu,4046,
abul10847,SPUN,1,150,150 xu,3630,
abul10848,SPUN,1,25,25 xu,3539,
abul10849,SPUN,1,10,10 xu,3560,
abul10850,SPUN,1,500,500 xu,3647,
abul10851,SPUN,1,100,100 xu,3628,
abul10852,SPUN,1,25,25 xu,3532,
abul10853,SPUN,1,10,10 xu,3675,
abul10855,SPUN,1,150,150 xu,3535,
abul10856,SPUN,1,50,50 xu,3535,
abul10857,SPUN,1,150,150 xu,3622,
abul10858,SPUN,1,50,50 xu,3551,
abul10859,SPUN,1,300,300 xu,3601,
abul10860,SPUN,1,500,500 xu,3699,
abul10861,SPUN,1,1000,1000 xu,3579,
abul10862,SPUN,1,300,300 xu,3490,
abul10863,SPUN,1,200,200 xu,3561,
abul10864,SPUN,1,750,750 xu,3524,
abul10865,SPUN,1,25,25 xu,3566,
abul10866,SPUN,1,10,10 xu,3676,
abul10867,SPUN,1,750,750 xu,3537,
abul10868,SPUN,1,100,100 xu,3533,
abul10869,SPUN,1,50,50 xu,3518,
abul10870,SPUN,1,250,250 xu,3654,
abul10871,SPUN,1,1000,1000 xu,3535,
abul10872,SPUN,1,25,25 xu,3496,
abul10873,SPUN,1,150,150 xu,3545,
abul10874,SPUN,1,300,300 xu,3489,
abul10875,SPUN,1,1000,1000 xu,3592,
abul10876,SPUN,1,150,150 xu,3501,
abul10877,SPUN,1,150,150 xu,3507,
abul10878,SPUN,1,10,10 xu,3556,
abul10879,SPUN,1,200,200 xu,3660,
abul10880,SPUN,1,50,50 xu,3554,
abul10881,SPUN,1,1000,1000 xu,3564,
abul10882,SPUN,1,500,500 xu,3626,
abul10883,SPUN,1,25,25 xu,3535,
abul10884,SPUN,1,500,500 xu,3566,
abul10885,SPUN,1,50,50 xu,3618,
abul10886,SPUN,1,750,750 xu,3563,
abul10887,SPUN,1,200,200 xu,3478,
abul10888,SPUN,1,100,100 xu,3598,
abul10889,SPUN,1,200,200 xu,3465,
abul10890,SPUN,1,50,50 xu,3538,
abul10891,SPUN,1,750,750 xu,3583,
abul10892,SPUN,1,1000,1000 xu,3580,
abul10893,SPUN,1,10,10 xu,3471,
abul10894,SPUN,1,75,75 xu,3581,
abul10895,SPUN,1,75,75 xu,3612,
abul10896,SPUN,1,25,25 xu,3591,
abul10897,SPUN,1,1000,1000 xu,3572,
abul10898,SPUN,1,200,200 xu,3603,
abul10899,SPUN,1,75,75 xu,3563,
abul10900,SPUN,1,75,75 xu,3606,
abul10901,SPUN,1,75,75 xu,3605,
abul10902,SPUN,1,500,500 xu,3571,
abul10903,SPUN,1,150,150 xu,3532,
abul10904,SPUN,1,500,500 xu,4064,
abul10905,SPUN,1,25,25 xu,3658,
abul10906,SPUN,1,50,50 xu,3128,
abul10907,SPUN,1,10,10 xu,3502,
abul10908,SPUN,1,750,750 xu,3579,
abul10909,SPUN,1,25,25 xu,3612,
abul10910,SPUN,1,50,50 xu,3493,
abul10911,SPUN,1,250,250 xu,3534,
abul10912,SPUN,1,250,250 xu,3733,
abul10913,SPUN,1,300,300 xu,3626,
abul10914,SPUN,1,150,150 xu,3494,
abul10915,SPUN,1,50,50 xu,3584,
abul10916,SPUN,1,10,10 xu,3570,
abul10917,SPUN,1,100,100 xu,3604,
abul10918,SPUN,1,250,250 xu,3633,
abul10919,SPUN,1,25,25 xu,3863,
abul10920,SPUN,1,300,300 xu,3626,
abul10921,SPUN,1,300,300 xu,3540,
abul10922,SPUN,1,200,200 xu,3602,
abul10923,SPUN,1,200,200 xu,3646,
abul10924,SPUN,1,200,200 xu,3555,
abul10925,SPUN,1,150,150 xu,3604,
abul10926,SPUN,1,50,50 xu,3584,
abul10927,SPUN,1,75,75 xu,3519,
abul10928,SPUN,1,50,50 xu,3525,
abul10929,SPUN,1,50,50 xu,3512,
abul10930,SPUN,1,750,750 xu,3618,
abul10931,SPUN,1,500,500 xu,3592,
abul10932,SPUN,1,500,500 xu,3526,
abul10933,SPUN,1,100,100 xu,3586,
abul10934,SPUN,1,50,50 xu,3640,
abul10935,SPUN,1,300,300 xu,3616,
abul10936,SPUN,1,150,150 xu,3524,
abul10937,SPUN,1,500,500 xu,3524,
abul10938,SPUN,1,750,750 xu,3637,
abul10939,SPUN,1,500,500 xu,3614,
abul10940,SPUN,1,75,75 xu,3607,
abul10941,SPUN,1,750,750 xu,3540,
abul10942,SPUN,1,10,10 xu,3551,
abul10943,SPUN,1,50,50 xu,3487,
abul10944,SPUN,1,1000,1000 xu,3600,
abul10945,SPUN,1,25,25 xu,3561,
abul10946,SPUN,1,10,10 xu,3551,
abul10947,SPUN,1,250,250 xu,3467,
abul10948,SPUN,1,500,500 xu,3627,
abul10949,SPUN,1,750,750 xu,3594,
abul10950,SPUN,1,250,250 xu,3513,
abul10951,SPUN,1,75,75 xu,3504,
abul10952,SPUN,1,10,10 xu,3529,
abul10953,SPUN,1,300,300 xu,3491,
abul10954,SPUN,1,1000,1000 xu,3487,
abul10955,SPUN,1,250,250 xu,3537,
abul10956,SPUN,1,150,150 xu,3620,
abul10957,SPUN,1,500,500 xu,3618,
abul10958,SPUN,1,1000,1000 xu,3535,
abul10959,SPUN,1,300,300 xu,3679,
abul10960,SPUN,1,500,500 xu,3540,
abul10961,SPUN,1,750,750 xu,3640,
abul10962,SPUN,1,750,750 xu,3581,
abul10963,SPUN,1,50,50 xu,3471,
abul10964,SPUN,1,150,150 xu,3472,
abul10965,SPUN,1,150,150 xu,3581,
abul10966,SPUN,1,750,750 xu,3611,
abul10967,SPUN,1,100,100 xu,3666,
abul10968,SPUN,1,50,50 xu,3487,
abul10969,SPUN,1,1000,1000 xu,3517,
abul10970,SPUN,1,50,50 xu,3534,
abul10971,SPUN,1,500,500 xu,3575,
abul10972,SPUN,1,25,25 xu,3630,
abul10973,SPUN,1,200,200 xu,3499,
abul10974,SPUN,1,500,500 xu,3674,
abul10975,SPUN,1,250,250 xu,3550,
abul10976,SPUN,1,1000,1000 xu,3621,
abul10977,SPUN,1,100,100 xu,3598,
abul10978,SPUN,1,100,100 xu,3541,
abul10979,SPUN,1,250,250 xu,3443,
abul10980,SPUN,1,150,150 xu,3537,
abul10981,SPUN,1,75,75 xu,3555,
abul10982,SPUN,1,100,100 xu,3585,
abul10983,SPUN,1,150,150 xu,3588,
abul10984,SPUN,1,1000,1000 xu,3681,
abul10985,SPUN,1,1000,1000 xu,3542,
abul10986,SPUN,1,10,10 xu,3563,
abul10987,SPUN,1,200,200 xu,3605,
abul10988,SPUN,1,150,150 xu,3737,
abul10989,SPUN,1,200,200 xu,3564,
abul10990,SPUN,1,200,200 xu,3547,
abul10991,SPUN,1,300,300 xu,3665,
abul10992,SPUN,1,250,250 xu,3608,
abul10993,SPUN,1,200,200 xu,3564,
abul10994,SPUN,1,250,250 xu,3563,
abul10995,SPUN,1,150,150 xu,3575,
abul10996,SPUN,1,250,250 xu,3558,
abul10997,SPUN,1,500,500 xu,3541,
abul10998,SPUN,1,25,25 xu,3543,
abul10999,SPUN,1,500,500 xu,3163,
abul11000,SPUN,1,200,200 xu,3134,
abul8000,SPUN,1,10,10 xu,3697,
abul8001,SPUN,1,100,100 xu,4105,
abul8002,SPUN,1,100,100 xu,3544,
abul8003,SPUN,1,1000,1000 xu,3894,
abul8004,SPUN,1,250,250 xu,3552,
abul8005,SPUN,1,500,500 xu,4578,
abul8006,SPUN,1,1000,1000 xu,3578,
abul8007,SPUN,1,50,50 xu,4274,
abul8008,SPUN,1,10,10 xu,4051,
abul8009,SPUN,1,300,300 xu,3631,
abul8010,SPUN,1,150,150 xu,4484,
abul8011,SPUN,1,1000,1000 xu,4169,
abul8012,SPUN,1,250,250 xu,3877,
abul8013,SPUN,1,500,500 xu,3858,
abul8014,SPUN,1,10,10 xu,3538,
abul8015,SPUN,1,1000,1000 xu,3693,
abul8016,SPUN,1,10,10 xu,3597,
abul8017,SPUN,1,750,750 xu,4220,
abul8018,SPUN,1,750,750 xu,4508,
abul8019,SPUN,1,50,50 xu,3849,
abul8020,SPUN,1,1000,1000 xu,3598,
abul8021,SPUN,1,500,500 xu,3574,
abul8022,SPUN,1,50,50 xu,3936,
abul8023,SPUN,1,500,500 xu,4249,
abul8024,SPUN,1,250,250 xu,4369,
abul8025,SPUN,1,200,200 xu,3606,
abul8026,SPUN,1,300,300 xu,4241,
abul8027,SPUN,1,150,150 xu,4509,
abul8028,SPUN,1,75,75 xu,4114,
abul8029,SPUN,1,1000,1000 xu,3593,
abul8030,SPUN,1,50,50 xu,3571,
abul8031,SPUN,1,500,500 xu,3941,
abul8032,SPUN,1,25,25 xu,3779,
abul8033,SPUN,1,200,200 xu,3579,
abul8034,SPUN,1,75,75 xu,3617,
abul8035,SPUN,1,150,150 xu,3556,
abul8036,SPUN,1,750,750 xu,3524,
abul8037,SPUN,1,300,300 xu,3833,
abul8038,SPUN,1,1000,1000 xu,3964,
abul8039,SPUN,1,10,10 xu,3569,
abul8040,SPUN,1,100,100 xu,3576,
abul8041,SPUN,1,100,100 xu,3600,
abul8042,SPUN,1,200,200 xu,3590,
abul8043,SPUN,1,500,500 xu,4021,
abul8044,SPUN,1,300,300 xu,3627,
abul8045,SPUN,1,25,25 xu,3545,
abul8046,SPUN,1,750,750 xu,3552,
abul8047,SPUN,1,25,25 xu,3582,
abul8048,SPUN,1,10,10 xu,3578,
abul8049,SPUN,1,75,75 xu,3672,
abul8050,SPUN,1,250,250 xu,3823,
abul8051,SPUN,1,1000,1000 xu,3556,
abul8052,SPUN,1,500,500 xu,3498,
abul8053,SPUN,1,750,750 xu,3518,
abul8054,SPUN,1,150,150 xu,3584,
abul8055,SPUN,1,25,25 xu,3982,
abul8056,SPUN,1,300,300 xu,3485,
abul8057,SPUN,1,300,300 xu,4013,
abul8058,SPUN,1,300,300 xu,3640,
abul8059,SPUN,1,300,300 xu,3549,
abul8060,SPUN,1,750,750 xu,3898,
abul8061,SPUN,1,250,250 xu,3633,
abul8062,SPUN,1,75,75 xu,3550,
abul8063,SPUN,1,500,500 xu,4227,
abul8064,SPUN,1,200,200 xu,3576,
abul8065,SPUN,1,75,75 xu,3532,
abul8066,SPUN,1,300,300 xu,3608,
abul8067,SPUN,1,50,50 xu,3772,
abul8068,SPUN,1,10,10 xu,3780,
abul8069,SPUN,1,500,500 xu,3554,
abul8070,SPUN,1,25,25 xu,3967,
abul8071,SPUN,1,250,250 xu,3558,
abul8072,SPUN,1,10,10 xu,3681,
abul8073,SPUN,1,25,25 xu,3687,
abul8074,SPUN,1,75,75 xu,3521,
abul8075,SPUN,1,300,300 xu,3829,
abul8076,SPUN,1,150,150 xu,3535,
abul8077,SPUN,1,50,50 xu,3711,
abul8078,SPUN,1,300,300 xu,3967,
abul8079,SPUN,1,50,50 xu,3557,
abul8080,SPUN,1,750,750 xu,3534,
abul8081,SPUN,1,75,75 xu,3577,
abul8082,SPUN,1,75,75 xu,4089,
abul8083,SPUN,1,200,200 xu,3680,
abul8084,SPUN,1,25,25 xu,3650,
abul8085,SPUN,1,150,150 xu,3610,
abul8086,SPUN,1,50,50 xu,3610,
abul8087,SPUN,1,25,25 xu,3541,
abul8088,SPUN,1,300,300 xu,3570,
abul8089,SPUN,1,150,150 xu,3479,
abul8090,SPUN,1,300,300 xu,3855,
abul8091,SPUN,1,75,75 xu,3955,
abul8092,SPUN,1,50,50 xu,3582,
abul8093,SPUN,1,500,500 xu,3480,
abul8094,SPUN,1,25,25 xu,3568,
abul8095,SPUN,1,750,750 xu,3544,
abul8096,SPUN,1,250,250 xu,3523,
abul8097,SPUN,1,100,100 xu,3574,
abul8098,SPUN,1,750,750 xu,4204,
abul8099,SPUN,1,25,25 xu,3639,
abul8100,SPUN,1,150,150 xu,3585,
abul8101,SPUN,1,300,300 xu,3696,
abul8102,SPUN,1,1000,1000 xu,3664,
abul8103,SPUN,1,150,150 xu,3590,
abul8104,SPUN,1,50,50 xu,3588,
abul8105,SPUN,1,750,750 xu,4183,
abul8106,SPUN,1,10,10 xu,3613,
abul8107,SPUN,1,1000,1000 xu,3585,
abul8108,SPUN,1,300,300 xu,3888,
abul8109,SPUN,1,250,250 xu,3552,
abul8110,SPUN,1,250,250 xu,3536,
abul8111,SPUN,1,300,300 xu,3707,
abul8112,SPUN,1,500,500 xu,3941,
abul8113,SPUN,1,500,500 xu,4315,
abul8114,SPUN,1,150,150 xu,4215,
abul8115,SPUN,1,150,150 xu,3631,
abul8116,SPUN,1,1000,1000 xu,4163,
abul8117,SPUN,1,150,150 xu,3661,
abul8118,SPUN,1,200,200 xu,3513,
abul8119,SPUN,1,1000,1000 xu,3502,
abul8120,SPUN,1,200,200 xu,3546,
abul8121,SPUN,1,50,50 xu,3663,
abul8122,SPUN,1,200,200 xu,3549,
abul8123,SPUN,1,200,200 xu,3531,
abul8124,SPUN,1,10,10 xu,3647,
abul8125,SPUN,1,300,300 xu,3915,
abul8126,SPUN,1,25,25 xu,3822,
abul8127,SPUN,1,75,75 xu,3450,
abul8128,SPUN,1,1000,1000 xu,3566,
abul8129,SPUN,1,25,25 xu,3635,
abul8130,SPUN,1,75,75 xu,3592,
abul8131,SPUN,1,100,100 xu,3792,
abul8132,SPUN,1,150,150 xu,4003,
abul8133,SPUN,1,75,75 xu,3823,
abul8134,SPUN,1,750,750 xu,3512,
abul8135,SPUN,1,750,750 xu,3554,
abul8136,SPUN,1,750,750 xu,3547,
abul8137,SPUN,1,75,75 xu,3868,
abul8138,SPUN,1,750,750 xu,3614,
abul8139,SPUN,1,300,300 xu,3811,
abul8140,SPUN,1,150,150 xu,3583,
abul8141,SPUN,1,150,150 xu,3509,
abul8142,SPUN,1,1000,1000 xu,3848,
abul8143,SPUN,1,150,150 xu,3595,
abul8144,SPUN,1,750,750 xu,3845,
abul8145,SPUN,1,250,250 xu,3544,
abul8146,LOGIN_FAIL,None,0,,884,
abul8147,LOGIN_FAIL,None,0,,863,
abul8148,SPUN,1,1000,1000 xu,3624,
abul8149,SPUN,1,300,300 xu,3681,
abul8150,SPUN,1,200,200 xu,4183,
abul8151,SPUN,1,500,500 xu,3832,
abul8152,SPUN,1,300,300 xu,3689,
abul8153,LOGIN_FAIL,None,0,,869,
abul8154,LOGIN_FAIL,None,0,,645,
abul8155,LOGIN_FAIL,None,0,,892,
abul8156,SPUN,1,250,250 xu,4023,
abul8157,LOGIN_FAIL,None,0,,628,
abul8158,LOGIN_FAIL,None,0,,347,
abul8159,SPUN,1,25,25 xu,3670,
abul8160,SPUN,1,250,250 xu,3591,
abul8161,SPUN,1,150,150 xu,3951,
abul8162,SPUN,1,250,250 xu,3947,
abul8163,SPUN,1,1000,1000 xu,3923,
abul8164,SPUN,1,50,50 xu,3711,
abul8165,SPUN,1,300,300 xu,3690,
abul8166,SPUN,1,10,10 xu,3839,
abul8167,SPUN,1,300,300 xu,3579,
abul8168,SPUN,1,500,500 xu,3822,
abul8169,SPUN,1,200,200 xu,3633,
abul8170,SPUN,1,500,500 xu,3688,
abul8171,SPUN,1,750,750 xu,3875,
abul8172,SPUN,1,250,250 xu,3500,
abul8173,SPUN,1,300,300 xu,3557,
abul8174,SPUN,1,200,200 xu,4001,
abul8175,SPUN,1,25,25 xu,3490,
abul8176,SPUN,1,150,150 xu,3794,
abul8177,SPUN,1,1000,1000 xu,3611,
abul8178,SPUN,1,750,750 xu,3736,
abul8179,SPUN,1,1000,1000 xu,3739,
abul8180,SPUN,1,250,250 xu,3503,
abul8181,SPUN,1,100,100 xu,3552,
abul8182,SPUN,1,75,75 xu,3818,
abul8183,SPUN,1,750,750 xu,3628,
abul8184,SPUN,1,500,500 xu,3977,
abul8185,SPUN,1,250,250 xu,3469,
abul8186,SPUN,1,300,300 xu,3656,
abul8187,SPUN,1,100,100 xu,3886,
abul8188,SPUN,1,75,75 xu,4110,
abul8189,SPUN,1,250,250 xu,3657,
abul8190,SPUN,1,300,300 xu,3688,
abul8191,SPUN,1,200,200 xu,3704,
abul8192,SPUN,1,150,150 xu,3852,
abul8193,SPUN,1,300,300 xu,3602,
abul8194,SPUN,1,750,750 xu,3830,
abul8195,SPUN,1,200,200 xu,3610,
abul8196,SPUN,1,25,25 xu,3845,
abul8197,SPUN,1,500,500 xu,3995,
abul8198,SPUN,1,25,25 xu,3951,
abul8199,SPUN,1,300,300 xu,3765,
abul8200,SPUN,1,150,150 xu,3770,
abul8201,SPUN,1,75,75 xu,3733,
abul8202,SPUN,1,100,100 xu,3511,
abul8203,SPUN,1,150,150 xu,3708,
abul8204,SPUN,1,75,75 xu,3677,
abul8205,SPUN,1,250,250 xu,3834,
abul8206,SPUN,1,500,500 xu,3852,
abul8207,SPUN,1,75,75 xu,3819,
abul8208,SPUN,1,500,500 xu,3486,
abul8209,SPUN,1,750,750 xu,3615,
abul8210,SPUN,1,200,200 xu,3958,
abul8211,SPUN,1,1000,1000 xu,3608,
abul8212,SPUN,1,200,200 xu,3634,
abul8213,SPUN,1,75,75 xu,3889,
abul8214,SPUN,1,25,25 xu,3783,
abul8215,SPUN,1,50,50 xu,3493,
abul8216,SPUN,1,300,300 xu,3821,
abul8217,SPUN,1,500,500 xu,3651,
abul8218,SPUN,1,50,50 xu,3053,
abul8219,SPUN,1,300,300 xu,3839,
abul8220,SPUN,1,150,150 xu,3764,
abul8221,SPUN,1,1000,1000 xu,3787,
abul8222,SPUN,1,200,200 xu,3676,
abul8223,SPUN,1,500,500 xu,6919,
abul8224,SPUN,1,300,300 xu,3818,
abul8225,SPUN,1,150,150 xu,3882,
abul8226,SPUN,1,100,100 xu,3907,
abul8227,SPUN,1,250,250 xu,3435,
abul8228,SPUN,1,500,500 xu,3609,
abul8229,SPUN,1,300,300 xu,3722,
abul8230,SPUN,1,250,250 xu,3827,
abul8231,SPUN,1,200,200 xu,3692,
abul8232,SPUN,1,150,150 xu,3919,
abul8233,SPUN,1,750,750 xu,4168,
abul8234,SPUN,1,75,75 xu,3959,
abul8235,SPUN,1,500,500 xu,3998,
abul8236,SPUN,1,500,500 xu,3580,
abul8237,SPUN,1,250,250 xu,3914,
abul8238,SPUN,1,150,150 xu,3967,
abul8239,SPUN,1,200,200 xu,3992,
abul8240,SPUN,1,75,75 xu,3954,
abul8241,SPUN,1,150,150 xu,3832,
abul8242,ERR:WebSocketConnectionClosedException,1,0,,3212,Connection to remote host was lost.
abul8243,SPUN,1,25,25 xu,3950,
abul8244,SPUN,1,1000,1000 xu,3826,
abul8245,SPUN,1,75,75 xu,3953,
abul8246,SPUN,1,300,300 xu,3642,
abul8247,SPUN,1,500,500 xu,3773,
abul8248,LOGIN_FAIL,None,0,,363,
abul8249,SPUN,1,250,250 xu,3646,
abul8250,SPUN,1,200,200 xu,3788,
abul8251,SPUN,1,750,750 xu,3916,
abul8252,SPUN,1,50,50 xu,3904,
abul8253,SPUN,1,10,10 xu,3594,
abul8254,SPUN,1,250,250 xu,3838,
abul8255,SPUN,1,250,250 xu,3943,
abul8256,SPUN,1,200,200 xu,3949,
abul8257,SPUN,1,150,150 xu,3956,
abul8258,SPUN,1,25,25 xu,3893,
abul8259,SPUN,1,25,25 xu,4178,
abul8260,SPUN,1,200,200 xu,3880,
abul8261,SPUN,1,10,10 xu,3991,
abul8262,SPUN,1,250,250 xu,3981,
abul8263,SPUN,1,750,750 xu,3848,
abul8264,SPUN,1,50,50 xu,5249,
abul8265,SPUN,1,50,50 xu,3776,
abul8266,SPUN,1,500,500 xu,3901,
abul8267,SPUN,1,750,750 xu,3651,
abul8268,SPUN,1,75,75 xu,3930,
abul8269,SPUN,1,10,10 xu,3892,
abul8270,SPUN,1,300,300 xu,3852,
abul8271,SPUN,1,10,10 xu,3870,
abul8272,SPUN,1,150,150 xu,3956,
abul8273,SPUN,1,200,200 xu,3924,
abul8274,SPUN,1,50,50 xu,3932,
abul8275,SPUN,1,75,75 xu,3968,
abul8276,SPUN,1,750,750 xu,3855,
abul8277,SPUN,1,750,750 xu,3950,
abul8278,SPUN,1,1000,1000 xu,3921,
abul8279,SPUN,1,250,250 xu,3850,
abul8280,SPUN,1,500,500 xu,4163,
abul8281,SPUN,1,750,750 xu,3608,
abul8282,SPUN,1,100,100 xu,3881,
abul8283,SPUN,1,250,250 xu,3903,
abul8284,SPUN,1,500,500 xu,3848,
abul8285,SPUN,1,75,75 xu,3858,
abul8286,SPUN,1,1000,1000 xu,3408,
abul8287,SPUN,1,750,750 xu,3996,
abul8288,SPUN,1,750,750 xu,3919,
abul8289,SPUN,1,200,200 xu,3692,
abul8290,SPUN,1,150,150 xu,3844,
abul8291,SPUN,1,200,200 xu,3425,
abul8292,SPUN,1,25,25 xu,3821,
abul8293,SPUN,1,100,100 xu,3931,
abul8294,SPUN,1,750,750 xu,3882,
abul8295,SPUN,1,300,300 xu,3600,
abul8296,SPUN,1,150,150 xu,3822,
abul8297,SPUN,1,75,75 xu,3706,
abul8298,SPUN,1,150,150 xu,3925,
abul8299,SPUN,1,25,25 xu,3794,
abul8300,SPUN,1,750,750 xu,3935,
abul8301,SPUN,1,500,500 xu,3866,
abul8302,SPUN,1,200,200 xu,3823,
abul8303,SPUN,1,10,10 xu,3926,
abul8304,SPUN,1,100,100 xu,3943,
abul8305,SPUN,1,50,50 xu,3735,
abul8306,SPUN,1,200,200 xu,3861,
abul8307,SPUN,1,750,750 xu,3757,
abul8308,SPUN,1,1000,1000 xu,3838,
abul8309,SPUN,1,250,250 xu,4188,
abul8310,SPUN,1,50,50 xu,3863,
abul8311,SPUN,1,75,75 xu,4060,
abul8312,SPUN,1,100,100 xu,3609,
abul8313,SPUN,1,150,150 xu,3738,
abul8314,SPUN,1,50,50 xu,3864,
abul8315,SPUN,1,1000,1000 xu,3903,
abul8316,SPUN,1,1000,1000 xu,3875,
abul8317,SPUN,1,100,100 xu,3874,
abul8318,SPUN,1,500,500 xu,4232,
abul8319,SPUN,1,1000,1000 xu,3676,
abul8320,SPUN,1,50,50 xu,3886,
abul8321,SPUN,1,300,300 xu,3900,
abul8322,SPUN,1,300,300 xu,3999,
abul8323,SPUN,1,25,25 xu,3760,
abul8324,SPUN,1,100,100 xu,3803,
abul8325,SPUN,1,50,50 xu,4105,
abul8326,SPUN,1,50,50 xu,3876,
abul8327,SPUN,1,750,750 xu,3814,
abul8328,SPUN,1,10,10 xu,3805,
abul8329,SPUN,1,10,10 xu,3892,
abul8330,SPUN,1,50,50 xu,3805,
abul8331,SPUN,1,200,200 xu,3813,
abul8332,SPUN,1,100,100 xu,4163,
abul8333,SPUN,1,200,200 xu,4110,
abul8334,SPUN,1,150,150 xu,3931,
abul8335,SPUN,1,25,25 xu,3633,
abul8336,SPUN,1,10,10 xu,3944,
abul8337,SPUN,1,750,750 xu,3603,
abul8338,SPUN,1,75,75 xu,3905,
abul8339,SPUN,1,25,25 xu,4173,
abul8340,SPUN,1,25,25 xu,3844,
abul8341,SPUN,1,75,75 xu,3792,
abul8342,SPUN,1,25,25 xu,3770,
abul8343,SPUN,1,750,750 xu,3650,
abul8344,SPUN,1,75,75 xu,3935,
abul8345,SPUN,1,300,300 xu,3899,
abul8346,SPUN,1,250,250 xu,3842,
abul8347,SPUN,1,1000,1000 xu,3860,
abul8348,SPUN,1,50,50 xu,4168,
abul8349,SPUN,1,100,100 xu,4007,
abul8350,SPUN,1,500,500 xu,3780,
abul8351,SPUN,1,250,250 xu,3904,
abul8352,SPUN,1,75,75 xu,4090,
abul8353,SPUN,1,500,500 xu,3882,
abul8354,SPUN,1,750,750 xu,3862,
abul8355,SPUN,1,200,200 xu,4105,
abul8356,SPUN,1,250,250 xu,3783,
abul8357,SPUN,1,25,25 xu,3649,
abul8358,SPUN,1,75,75 xu,3625,
abul8359,SPUN,1,10,10 xu,3955,
abul8360,SPUN,1,500,500 xu,3823,
abul8361,SPUN,1,25,25 xu,4074,
abul8362,SPUN,1,750,750 xu,3836,
abul8363,SPUN,1,25,25 xu,3741,
abul8364,SPUN,1,10,10 xu,3888,
abul8365,SPUN,1,150,150 xu,3936,
abul8366,SPUN,1,150,150 xu,3901,
abul8367,SPUN,1,25,25 xu,4009,
abul8368,SPUN,1,75,75 xu,3962,
abul8369,SPUN,1,10,10 xu,3885,
abul8370,SPUN,1,200,200 xu,3655,
abul8371,SPUN,1,200,200 xu,4091,
abul8372,SPUN,1,300,300 xu,3598,
abul8373,SPUN,1,25,25 xu,3853,
abul8374,SPUN,1,10,10 xu,4122,
abul8375,SPUN,1,10,10 xu,3951,
abul8376,SPUN,1,150,150 xu,3890,
abul8377,SPUN,1,150,150 xu,3812,
abul8378,SPUN,1,200,200 xu,3759,
abul8379,SPUN,1,750,750 xu,3851,
abul8380,SPUN,1,25,25 xu,3981,
abul8381,SPUN,1,250,250 xu,3858,
abul8382,SPUN,1,1000,1000 xu,3880,
abul8383,SPUN,1,200,200 xu,3915,
abul8384,SPUN,1,300,300 xu,3958,
abul8385,SPUN,1,500,500 xu,3843,
abul8386,SPUN,1,500,500 xu,3956,
abul8387,SPUN,1,750,750 xu,3951,
abul8388,SPUN,1,75,75 xu,4112,
abul8389,SPUN,1,100,100 xu,3923,
abul8390,SPUN,1,75,75 xu,3942,
abul8391,SPUN,1,75,75 xu,3887,
abul8392,SPUN,1,100,100 xu,3792,
abul8393,SPUN,1,100,100 xu,3796,
abul8394,SPUN,1,250,250 xu,3888,
abul8395,SPUN,1,25,25 xu,4073,
abul8396,SPUN,1,200,200 xu,3818,
abul8397,SPUN,1,250,250 xu,3903,
abul8398,SPUN,1,50,50 xu,3814,
abul8399,SPUN,1,75,75 xu,4047,
abul8400,SPUN,1,75,75 xu,3847,
abul8401,SPUN,1,1000,1000 xu,3835,
abul8402,SPUN,1,10,10 xu,3949,
abul8403,SPUN,1,50,50 xu,4179,
abul8404,SPUN,1,750,750 xu,3703,
abul8405,SPUN,1,75,75 xu,3904,
abul8406,SPUN,1,25,25 xu,3789,
abul8407,SPUN,1,10,10 xu,3953,
abul8408,SPUN,1,10,10 xu,3972,
abul8409,SPUN,1,100,100 xu,3887,
abul8410,SPUN,1,50,50 xu,3802,
abul8411,SPUN,1,25,25 xu,3822,
abul8412,SPUN,1,10,10 xu,3601,
abul8413,SPUN,1,150,150 xu,4201,
abul8414,SPUN,1,750,750 xu,3685,
abul8415,SPUN,1,50,50 xu,3779,
abul8416,SPUN,1,200,200 xu,3892,
abul8417,SPUN,1,50,50 xu,3924,
abul8418,SPUN,1,500,500 xu,3939,
abul8419,SPUN,1,75,75 xu,3899,
abul8420,SPUN,1,25,25 xu,3835,
abul8421,SPUN,1,150,150 xu,3993,
abul8422,SPUN,1,25,25 xu,3346,
abul8423,SPUN,1,150,150 xu,3918,
abul8424,SPUN,1,200,200 xu,4198,
abul8425,SPUN,1,75,75 xu,3913,
abul8426,SPUN,1,300,300 xu,3882,
abul8427,SPUN,1,150,150 xu,3697,
abul8428,SPUN,1,25,25 xu,3916,
abul8429,SPUN,1,500,500 xu,3787,
abul8430,SPUN,1,10,10 xu,3647,
abul8431,SPUN,1,250,250 xu,3724,
abul8432,SPUN,1,1000,1000 xu,4072,
abul8433,SPUN,1,25,25 xu,3880,
abul8434,SPUN,1,10,10 xu,3915,
abul8435,SPUN,1,200,200 xu,3772,
abul8436,SPUN,1,750,750 xu,3759,
abul8437,SPUN,1,25,25 xu,3721,
abul8438,SPUN,1,50,50 xu,3743,
abul8439,SPUN,1,1000,1000 xu,4191,
abul8440,SPUN,1,300,300 xu,3977,
abul8441,SPUN,1,10,10 xu,3946,
abul8442,SPUN,1,100,100 xu,3693,
abul8443,SPUN,1,1000,1000 xu,3961,
abul8444,SPUN,1,1000,1000 xu,3838,
abul8445,SPUN,1,300,300 xu,3923,
abul8446,SPUN,1,100,100 xu,3785,
abul8447,SPUN,1,1000,1000 xu,4040,
abul8448,SPUN,1,1000,1000 xu,3992,
abul8449,SPUN,1,200,200 xu,4144,
abul8450,SPUN,1,200,200 xu,3962,
abul8451,SPUN,1,250,250 xu,3923,
abul8452,SPUN,1,10,10 xu,3839,
abul8453,SPUN,1,150,150 xu,3912,
abul8454,SPUN,1,500,500 xu,3948,
abul8455,SPUN,1,750,750 xu,3922,
abul8456,SPUN,1,250,250 xu,4104,
abul8457,SPUN,1,50,50 xu,3784,
abul8458,SPUN,1,50,50 xu,3883,
abul8459,SPUN,1,150,150 xu,3931,
abul8460,SPUN,1,250,250 xu,3866,
abul8461,SPUN,1,10,10 xu,3676,
abul8462,SPUN,1,75,75 xu,3805,
abul8463,SPUN,1,100,100 xu,3980,
abul8464,SPUN,1,100,100 xu,3888,
abul8465,SPUN,1,500,500 xu,3981,
abul8466,SPUN,1,1000,1000 xu,3842,
abul8467,SPUN,1,10,10 xu,3883,
abul8468,SPUN,1,150,150 xu,3843,
abul8469,SPUN,1,250,250 xu,3951,
abul8470,SPUN,1,1000,1000 xu,3810,
abul8471,SPUN,1,500,500 xu,3542,
abul8472,SPUN,1,150,150 xu,3636,
abul8473,SPUN,1,200,200 xu,3875,
abul8474,SPUN,1,1000,1000 xu,3864,
abul8475,SPUN,1,200,200 xu,3929,
abul8476,SPUN,1,500,500 xu,3852,
abul8477,SPUN,1,25,25 xu,3827,
abul8478,SPUN,1,75,75 xu,3908,
abul8479,SPUN,1,150,150 xu,3615,
abul8480,SPUN,1,250,250 xu,3912,
abul8481,SPUN,1,25,25 xu,3893,
abul8482,SPUN,1,150,150 xu,3858,
abul8483,SPUN,1,50,50 xu,3894,
abul8484,SPUN,1,75,75 xu,3724,
abul8485,SPUN,1,1000,1000 xu,3921,
abul8486,SPUN,1,150,150 xu,3913,
abul8487,SPUN,1,75,75 xu,3971,
abul8488,SPUN,1,10,10 xu,3879,
abul8489,SPUN,1,200,200 xu,3773,
abul8490,SPUN,1,750,750 xu,3803,
abul8491,SPUN,1,250,250 xu,4097,
abul8492,SPUN,1,150,150 xu,3826,
abul8493,SPUN,1,200,200 xu,3873,
abul8494,SPUN,1,1000,1000 xu,3983,
abul8495,SPUN,1,750,750 xu,3970,
abul8496,SPUN,1,25,25 xu,3904,
abul8497,SPUN,1,200,200 xu,3859,
abul8498,SPUN,1,200,200 xu,3956,
abul8499,SPUN,1,200,200 xu,3924,
abul8500,SPUN,1,100,100 xu,3835,
abul8501,SPUN,1,100,100 xu,3688,
abul8502,SPUN,1,200,200 xu,3921,
abul8503,SPUN,1,10,10 xu,3778,
abul8504,SPUN,1,100,100 xu,3672,
abul8505,SPUN,1,250,250 xu,3706,
abul8506,SPUN,1,300,300 xu,3860,
abul8507,SPUN,1,25,25 xu,3832,
abul8508,SPUN,1,250,250 xu,3948,
abul8509,SPUN,1,10,10 xu,3872,
abul8510,SPUN,1,300,300 xu,3897,
abul8511,SPUN,1,75,75 xu,3875,
abul8512,SPUN,1,150,150 xu,3797,
abul8513,SPUN,1,200,200 xu,3824,
abul8514,SPUN,1,250,250 xu,3857,
abul8515,SPUN,1,100,100 xu,3801,
abul8516,SPUN,1,1000,1000 xu,3769,
abul8517,SPUN,1,1000,1000 xu,3804,
abul8518,SPUN,1,300,300 xu,3883,
abul8519,SPUN,1,200,200 xu,4169,
abul8520,SPUN,1,100,100 xu,3938,
abul8521,SPUN,1,75,75 xu,3784,
abul8522,SPUN,1,200,200 xu,4202,
abul8523,SPUN,1,1000,1000 xu,4179,
abul8524,SPUN,1,25,25 xu,3868,
abul8525,SPUN,1,50,50 xu,3606,
abul8526,SPUN,1,750,750 xu,3958,
abul8527,SPUN,1,10,10 xu,3707,
abul8528,SPUN,1,750,750 xu,3697,
abul8529,SPUN,1,10,10 xu,3837,
abul8530,SPUN,1,750,750 xu,3846,
abul8531,SPUN,1,300,300 xu,3514,
abul8532,SPUN,1,200,200 xu,3413,
abul8533,SPUN,1,150,150 xu,3952,
abul8534,SPUN,1,200,200 xu,3969,
abul8535,SPUN,1,150,150 xu,3856,
abul8536,SPUN,1,25,25 xu,3945,
abul8537,SPUN,1,500,500 xu,3851,
abul8538,SPUN,1,250,250 xu,3888,
abul8539,SPUN,1,50,50 xu,4213,
abul8540,SPUN,1,250,250 xu,3826,
abul8541,SPUN,1,250,250 xu,3866,
abul8542,SPUN,1,100,100 xu,3639,
abul8543,SPUN,1,50,50 xu,3910,
abul8544,SPUN,1,75,75 xu,3975,
abul8545,SPUN,1,300,300 xu,3871,
abul8546,SPUN,1,300,300 xu,4137,
abul8547,SPUN,1,100,100 xu,3829,
abul8548,SPUN,1,25,25 xu,3934,
abul8549,SPUN,1,150,150 xu,3721,
abul8550,SPUN,1,50,50 xu,3784,
abul8551,SPUN,1,100,100 xu,3974,
abul8552,SPUN,1,500,500 xu,3908,
abul8553,SPUN,1,200,200 xu,4187,
abul8554,SPUN,1,1000,1000 xu,3855,
abul8555,SPUN,1,150,150 xu,3881,
abul8556,SPUN,1,300,300 xu,3829,
abul8557,SPUN,1,500,500 xu,4167,
abul8558,SPUN,1,10,10 xu,4379,
abul8559,SPUN,1,500,500 xu,3956,
abul8560,SPUN,1,250,250 xu,3785,
abul8561,SPUN,1,100,100 xu,3804,
abul8562,SPUN,1,200,200 xu,3753,
abul8563,SPUN,1,250,250 xu,3889,
abul8564,SPUN,1,1000,1000 xu,3798,
abul8565,SPUN,1,200,200 xu,3957,
abul8566,SPUN,1,75,75 xu,3926,
abul8567,SPUN,1,200,200 xu,4256,
abul8568,SPUN,1,750,750 xu,3740,
abul8569,SPUN,1,1000,1000 xu,4158,
abul8570,SPUN,1,25,25 xu,3820,
abul8571,SPUN,1,150,150 xu,3833,
abul8572,SPUN,1,25,25 xu,4043,
abul8573,SPUN,1,250,250 xu,3879,
abul8574,SPUN,1,25,25 xu,3846,
abul8575,SPUN,1,300,300 xu,3752,
abul8576,SPUN,1,500,500 xu,3680,
abul8577,SPUN,1,150,150 xu,3810,
abul8578,SPUN,1,75,75 xu,3856,
abul8579,SPUN,1,50,50 xu,3391,
abul8580,SPUN,1,75,75 xu,3913,
abul8581,SPUN,1,200,200 xu,3838,
abul8582,SPUN,1,500,500 xu,3804,
abul8583,SPUN,1,250,250 xu,3982,
abul8584,SPUN,1,50,50 xu,3861,
abul8585,SPUN,1,150,150 xu,3805,
abul8586,SPUN,1,25,25 xu,3833,
abul8587,SPUN,1,500,500 xu,3937,
abul8588,SPUN,1,10,10 xu,3827,
abul8589,SPUN,1,200,200 xu,3793,
abul8590,SPUN,1,750,750 xu,4202,
abul8591,SPUN,1,150,150 xu,3959,
abul8592,SPUN,1,100,100 xu,3951,
abul8593,SPUN,1,1000,1000 xu,3950,
abul8594,SPUN,1,200,200 xu,4190,
abul8595,SPUN,1,75,75 xu,3866,
abul8596,SPUN,1,50,50 xu,3898,
abul8597,SPUN,1,100,100 xu,3775,
abul8598,SPUN,1,100,100 xu,3904,
abul8599,SPUN,1,750,750 xu,3821,
abul8600,SPUN,1,100,100 xu,3951,
abul8601,SPUN,1,25,25 xu,3848,
abul8602,SPUN,1,150,150 xu,3760,
abul8603,SPUN,1,25,25 xu,3846,
abul8604,SPUN,1,750,750 xu,3775,
abul8605,SPUN,1,200,200 xu,3555,
abul8606,SPUN,1,150,150 xu,3770,
abul8607,SPUN,1,300,300 xu,3896,
abul8608,SPUN,1,500,500 xu,3616,
abul8609,SPUN,1,25,25 xu,3907,
abul8610,SPUN,1,10,10 xu,3787,
abul8611,SPUN,1,100,100 xu,3757,
abul8612,SPUN,1,250,250 xu,3636,
abul8613,SPUN,1,25,25 xu,3907,
abul8614,SPUN,1,1000,1000 xu,3944,
abul8615,SPUN,1,500,500 xu,3755,
abul8616,SPUN,1,1000,1000 xu,3869,
abul8617,SPUN,1,750,750 xu,3812,
abul8618,SPUN,1,150,150 xu,3761,
abul8619,SPUN,1,25,25 xu,3941,
abul8620,SPUN,1,200,200 xu,3992,
abul8621,SPUN,1,75,75 xu,4055,
abul8622,SPUN,1,250,250 xu,3764,
abul8623,SPUN,1,750,750 xu,4181,
abul8624,SPUN,1,100,100 xu,4153,
abul8625,SPUN,1,10,10 xu,3690,
abul8626,SPUN,1,500,500 xu,3896,
abul8627,SPUN,1,150,150 xu,3627,
abul8628,SPUN,1,10,10 xu,3932,
abul8629,SPUN,1,200,200 xu,3759,
abul8630,SPUN,1,150,150 xu,3962,
abul8631,SPUN,1,250,250 xu,3895,
abul8632,SPUN,1,300,300 xu,3950,
abul8633,SPUN,1,150,150 xu,3930,
abul8634,SPUN,1,500,500 xu,3953,
abul8635,SPUN,1,750,750 xu,3892,
abul8636,SPUN,1,250,250 xu,3950,
abul8637,SPUN,1,1000,1000 xu,3623,
abul8638,SPUN,1,100,100 xu,3825,
abul8639,SPUN,1,500,500 xu,3852,
abul8640,SPUN,1,750,750 xu,3848,
abul8641,SPUN,1,500,500 xu,3887,
abul8642,SPUN,1,300,300 xu,3873,
abul8643,SPUN,1,150,150 xu,3771,
abul8644,SPUN,1,25,25 xu,4184,
abul8645,SPUN,1,25,25 xu,3912,
abul8646,SPUN,1,25,25 xu,3914,
abul8647,SPUN,1,500,500 xu,3911,
abul8648,SPUN,1,250,250 xu,3874,
abul8649,SPUN,1,250,250 xu,3822,
abul8650,SPUN,1,75,75 xu,3907,
abul8651,SPUN,1,200,200 xu,3718,
abul8652,SPUN,1,300,300 xu,3904,
abul8653,SPUN,1,750,750 xu,3791,
abul8654,SPUN,1,150,150 xu,3950,
abul8655,SPUN,1,50,50 xu,3805,
abul8656,SPUN,1,75,75 xu,3809,
abul8657,SPUN,1,1000,1000 xu,4167,
abul8658,SPUN,1,25,25 xu,3814,
abul8659,SPUN,1,50,50 xu,3878,
abul8660,SPUN,1,25,25 xu,3980,
abul8661,SPUN,1,300,300 xu,3904,
abul8662,SPUN,1,100,100 xu,3858,
abul8663,SPUN,1,150,150 xu,3697,
abul8664,SPUN,1,500,500 xu,3873,
abul8665,SPUN,1,100,100 xu,3742,
abul8666,SPUN,1,750,750 xu,3887,
abul8667,SPUN,1,100,100 xu,4165,
abul8668,SPUN,1,300,300 xu,4512,
abul8669,SPUN,1,750,750 xu,3867,
abul8670,SPUN,1,150,150 xu,3661,
abul8671,SPUN,1,250,250 xu,3935,
abul8672,SPUN,1,750,750 xu,3883,
abul8673,SPUN,1,50,50 xu,3854,
abul8674,SPUN,1,75,75 xu,3596,
abul8675,SPUN,1,750,750 xu,3925,
abul8676,SPUN,1,75,75 xu,3914,
abul8677,SPUN,1,100,100 xu,3772,
abul8678,SPUN,1,10,10 xu,3630,
abul8679,SPUN,1,750,750 xu,3939,
abul8680,SPUN,1,750,750 xu,3816,
abul8681,SPUN,1,75,75 xu,3923,
abul8682,SPUN,1,100,100 xu,4057,
abul8683,SPUN,1,250,250 xu,3915,
abul8684,SPUN,1,25,25 xu,3860,
abul8685,SPUN,1,300,300 xu,3913,
abul8686,SPUN,1,1000,1000 xu,3879,
abul8687,SPUN,1,50,50 xu,3782,
abul8688,SPUN,1,250,250 xu,3888,
abul8689,SPUN,1,25,25 xu,3811,
abul8690,SPUN,1,200,200 xu,3850,
abul8691,SPUN,1,500,500 xu,3901,
abul8692,SPUN,1,25,25 xu,3842,
abul8693,SPUN,1,75,75 xu,3870,
abul8694,SPUN,1,10,10 xu,3721,
abul8695,SPUN,1,75,75 xu,3837,
abul8696,SPUN,1,10,10 xu,3873,
abul8697,SPUN,1,10,10 xu,3893,
abul8698,SPUN,1,10,10 xu,3797,
abul8699,SPUN,1,25,25 xu,4075,
abul8700,SPUN,1,75,75 xu,3776,
abul8701,SPUN,1,750,750 xu,3829,
abul8702,SPUN,1,50,50 xu,4242,
abul8703,SPUN,1,10,10 xu,3775,
abul8704,SPUN,1,250,250 xu,3353,
abul8705,SPUN,1,150,150 xu,3697,
abul8706,SPUN,1,300,300 xu,3778,
abul8707,SPUN,1,100,100 xu,3876,
abul8708,SPUN,1,750,750 xu,3602,
abul8709,SPUN,1,200,200 xu,3781,
abul8710,SPUN,1,75,75 xu,3970,
abul8711,SPUN,1,750,750 xu,3867,
abul8712,SPUN,1,150,150 xu,4024,
abul8713,SPUN,1,750,750 xu,3943,
abul8714,SPUN,1,300,300 xu,3879,
abul8715,SPUN,1,200,200 xu,3967,
abul8716,SPUN,1,250,250 xu,3949,
abul8717,SPUN,1,500,500 xu,3997,
abul8718,SPUN,1,25,25 xu,3942,
abul8719,SPUN,1,150,150 xu,3949,
abul8720,SPUN,1,75,75 xu,3817,
abul8721,SPUN,1,300,300 xu,3782,
abul8722,SPUN,1,25,25 xu,3828,
abul8723,SPUN,1,1000,1000 xu,3831,
abul8724,SPUN,1,250,250 xu,3816,
abul8725,SPUN,1,10,10 xu,3962,
abul8726,SPUN,1,75,75 xu,4011,
abul8727,SPUN,1,75,75 xu,3971,
abul8728,SPUN,1,100,100 xu,3864,
abul8729,SPUN,1,200,200 xu,3886,
abul8730,SPUN,1,500,500 xu,3966,
abul8731,SPUN,1,100,100 xu,3696,
abul8732,SPUN,1,100,100 xu,3902,
abul8733,SPUN,1,75,75 xu,3978,
abul8734,SPUN,1,300,300 xu,4019,
abul8735,SPUN,1,50,50 xu,3736,
abul8736,SPUN,1,500,500 xu,3638,
abul8737,SPUN,1,250,250 xu,3768,
abul8738,SPUN,1,25,25 xu,4148,
abul8739,SPUN,1,750,750 xu,3919,
abul8740,SPUN,1,150,150 xu,4151,
abul8741,SPUN,1,50,50 xu,3627,
abul8742,SPUN,1,750,750 xu,3753,
abul8743,SPUN,1,10,10 xu,3772,
abul8744,SPUN,1,150,150 xu,3944,
abul8745,SPUN,1,50,50 xu,4187,
abul8746,SPUN,1,750,750 xu,3955,
abul8747,SPUN,1,75,75 xu,4182,
abul8748,SPUN,1,200,200 xu,3909,
abul8749,SPUN,1,500,500 xu,3928,
abul8750,SPUN,1,25,25 xu,3604,
abul8751,SPUN,1,250,250 xu,3744,
abul8752,SPUN,1,1000,1000 xu,3862,
abul8753,SPUN,1,150,150 xu,3826,
abul8754,SPUN,1,250,250 xu,3880,
abul8755,SPUN,1,300,300 xu,3630,
abul8756,SPUN,1,150,150 xu,4243,
abul8757,SPUN,1,10,10 xu,3868,
abul8758,SPUN,1,25,25 xu,4177,
abul8759,SPUN,1,150,150 xu,3913,
abul8760,SPUN,1,500,500 xu,3853,
abul8761,SPUN,1,500,500 xu,3860,
abul8762,SPUN,1,250,250 xu,3917,
abul8763,SPUN,1,10,10 xu,3786,
abul8764,SPUN,1,500,500 xu,3953,
abul8765,SPUN,1,75,75 xu,3960,
abul8766,SPUN,1,10,10 xu,3870,
abul8767,SPUN,1,1000,1000 xu,3943,
abul8768,SPUN,1,100,100 xu,4281,
abul8769,SPUN,1,25,25 xu,3793,
abul8770,SPUN,1,500,500 xu,3800,
abul8771,SPUN,1,500,500 xu,4270,
abul8772,SPUN,1,10,10 xu,3738,
abul8773,SPUN,1,25,25 xu,4004,
abul8774,SPUN,1,200,200 xu,3910,
abul8775,SPUN,1,300,300 xu,3826,
abul8776,SPUN,1,25,25 xu,3942,
abul8777,SPUN,1,300,300 xu,3841,
abul8778,SPUN,1,50,50 xu,3825,
abul8779,SPUN,1,200,200 xu,3891,
abul8780,SPUN,1,25,25 xu,3861,
abul8781,SPUN,1,250,250 xu,3886,
abul8782,SPUN,1,50,50 xu,3985,
abul8783,SPUN,1,200,200 xu,3933,
abul8784,SPUN,1,1000,1000 xu,3947,
abul8785,SPUN,1,50,50 xu,3792,
abul8786,SPUN,1,750,750 xu,3799,
abul8787,SPUN,1,1000,1000 xu,3810,
abul8788,SPUN,1,300,300 xu,3956,
abul8789,SPUN,1,50,50 xu,3917,
abul8790,SPUN,1,750,750 xu,3617,
abul8791,SPUN,1,75,75 xu,3658,
abul8792,SPUN,1,50,50 xu,3876,
abul8793,SPUN,1,100,100 xu,3869,
abul8794,SPUN,1,1000,1000 xu,3807,
abul8795,SPUN,1,75,75 xu,3835,
abul8796,SPUN,1,75,75 xu,3910,
abul8797,SPUN,1,75,75 xu,3711,
abul8798,SPUN,1,1000,1000 xu,4149,
abul8799,SPUN,1,1000,1000 xu,4103,
abul8800,SPUN,1,250,250 xu,4101,
abul8801,SPUN,1,250,250 xu,3820,
abul8802,SPUN,1,150,150 xu,3843,
abul8803,SPUN,1,100,100 xu,3953,
abul8804,SPUN,1,75,75 xu,4219,
abul8805,SPUN,1,300,300 xu,3632,
abul8806,SPUN,1,200,200 xu,3529,
abul8807,SPUN,1,1000,1000 xu,3772,
abul8808,SPUN,1,750,750 xu,3955,
abul8809,SPUN,1,25,25 xu,3965,
abul8810,SPUN,1,150,150 xu,3763,
abul8811,SPUN,1,500,500 xu,3889,
abul8812,SPUN,1,75,75 xu,3946,
abul8813,SPUN,1,1000,1000 xu,3805,
abul8814,SPUN,1,500,500 xu,3872,
abul8815,SPUN,1,200,200 xu,3872,
abul8816,SPUN,1,500,500 xu,3946,
abul8817,SPUN,1,75,75 xu,3597,
abul8818,SPUN,1,100,100 xu,3934,
abul8819,SPUN,1,25,25 xu,3970,
abul8820,SPUN,1,500,500 xu,3812,
abul8821,SPUN,1,25,25 xu,3959,
abul8822,SPUN,1,250,250 xu,3519,
abul8823,SPUN,1,1000,1000 xu,4022,
abul8824,SPUN,1,100,100 xu,3985,
abul8825,SPUN,1,10,10 xu,4243,
abul8826,SPUN,1,150,150 xu,3924,
abul8827,SPUN,1,100,100 xu,3860,
abul8828,SPUN,1,500,500 xu,3956,
abul8829,SPUN,1,750,750 xu,3906,
abul8830,SPUN,1,500,500 xu,3937,
abul8831,SPUN,1,300,300 xu,3883,
abul8832,SPUN,1,750,750 xu,3378,
abul8833,SPUN,1,1000,1000 xu,3898,
abul8834,SPUN,1,750,750 xu,3954,
abul8835,SPUN,1,500,500 xu,3910,
abul8836,SPUN,1,100,100 xu,4148,
abul8837,SPUN,1,200,200 xu,3821,
abul8838,SPUN,1,300,300 xu,3931,
abul8839,SPUN,1,75,75 xu,3741,
abul8840,SPUN,1,750,750 xu,3725,
abul8841,SPUN,1,750,750 xu,4155,
abul8842,SPUN,1,300,300 xu,4428,
abul8843,SPUN,1,50,50 xu,4201,
abul8844,SPUN,1,250,250 xu,3761,
abul8845,SPUN,1,500,500 xu,3895,
abul8846,SPUN,1,50,50 xu,3959,
abul8847,SPUN,1,750,750 xu,3991,
abul8848,SPUN,1,25,25 xu,3829,
abul8849,SPUN,1,750,750 xu,4285,
abul8850,SPUN,1,250,250 xu,3617,
abul8851,SPUN,1,100,100 xu,3915,
abul8852,SPUN,1,300,300 xu,3885,
abul8853,SPUN,1,1000,1000 xu,3640,
abul8854,SPUN,1,200,200 xu,3895,
abul8855,SPUN,1,50,50 xu,3977,
abul8856,SPUN,1,100,100 xu,3945,
abul8857,SPUN,1,500,500 xu,4264,
abul8858,SPUN,1,250,250 xu,3627,
abul8859,SPUN,1,250,250 xu,3839,
abul8860,SPUN,1,1000,1000 xu,3866,
abul8861,SPUN,1,200,200 xu,3893,
abul8862,SPUN,1,100,100 xu,3951,
abul8863,SPUN,1,1000,1000 xu,3964,
abul8864,SPUN,1,150,150 xu,3910,
abul8865,SPUN,1,100,100 xu,3926,
abul8866,SPUN,1,500,500 xu,4114,
abul8867,SPUN,1,150,150 xu,3805,
abul8868,SPUN,1,500,500 xu,3951,
abul8869,SPUN,1,10,10 xu,3918,
abul8870,SPUN,1,750,750 xu,3893,
abul8871,SPUN,1,750,750 xu,3871,
abul8872,SPUN,1,250,250 xu,3960,
abul8873,SPUN,1,25,25 xu,4101,
abul8874,SPUN,1,10,10 xu,3951,
abul8875,SPUN,1,50,50 xu,3904,
abul8876,SPUN,1,750,750 xu,3938,
abul8877,SPUN,1,100,100 xu,3853,
abul8878,SPUN,1,100,100 xu,3862,
abul8879,SPUN,1,10,10 xu,3805,
abul8880,SPUN,1,250,250 xu,3884,
abul8881,SPUN,1,250,250 xu,4227,
abul8882,SPUN,1,300,300 xu,3853,
abul8883,SPUN,1,300,300 xu,3986,
abul8884,SPUN,1,250,250 xu,3965,
abul8885,SPUN,1,25,25 xu,3873,
abul8886,SPUN,1,200,200 xu,4166,
abul8887,SPUN,1,50,50 xu,3792,
abul8888,SPUN,1,75,75 xu,4138,
abul8889,SPUN,1,100,100 xu,3952,
abul8890,SPUN,1,1000,1000 xu,3858,
abul8891,SPUN,1,500,500 xu,4042,
abul8892,SPUN,1,250,250 xu,3943,
abul8893,SPUN,1,250,250 xu,3964,
abul8894,SPUN,1,150,150 xu,3795,
abul8895,SPUN,1,25,25 xu,3939,
abul8896,SPUN,1,150,150 xu,3939,
abul8897,SPUN,1,300,300 xu,3968,
abul8898,SPUN,1,1000,1000 xu,3964,
abul8899,SPUN,1,250,250 xu,3864,
abul8900,SPUN,1,75,75 xu,3872,
abul8901,SPUN,1,1000,1000 xu,3766,
abul8902,SPUN,1,50,50 xu,3975,
abul8903,SPUN,1,75,75 xu,3829,
abul8904,SPUN,1,50,50 xu,3599,
abul8905,SPUN,1,100,100 xu,3990,
abul8906,SPUN,1,1000,1000 xu,4004,
abul8907,SPUN,1,200,200 xu,3887,
abul8908,SPUN,1,1000,1000 xu,3942,
abul8909,SPUN,1,10,10 xu,3881,
abul8910,SPUN,1,750,750 xu,4163,
abul8911,SPUN,1,25,25 xu,3856,
abul8912,SPUN,1,200,200 xu,3424,
abul8913,SPUN,1,100,100 xu,3687,
abul8914,SPUN,1,300,300 xu,3901,
abul8915,SPUN,1,1000,1000 xu,3841,
abul8916,SPUN,1,1000,1000 xu,3837,
abul8917,SPUN,1,75,75 xu,3901,
abul8918,SPUN,1,150,150 xu,3670,
abul8919,SPUN,1,300,300 xu,3650,
abul8920,SPUN,1,75,75 xu,3979,
abul8921,SPUN,1,50,50 xu,3699,
abul8922,SPUN,1,100,100 xu,3869,
abul8923,SPUN,1,25,25 xu,3855,
abul8924,SPUN,1,750,750 xu,3984,
abul8925,SPUN,1,750,750 xu,3907,
abul8926,SPUN,1,200,200 xu,3959,
abul8927,SPUN,1,75,75 xu,3550,
abul8928,SPUN,1,25,25 xu,3668,
abul8929,SPUN,1,1000,1000 xu,3772,
abul8930,SPUN,1,1000,1000 xu,3907,
abul8931,SPUN,1,150,150 xu,3337,
abul8932,SPUN,1,250,250 xu,3748,
abul8933,SPUN,1,75,75 xu,4124,
abul8934,SPUN,1,75,75 xu,3938,
abul8935,SPUN,1,200,200 xu,4153,
abul8936,SPUN,1,1000,1000 xu,3968,
abul8937,SPUN,1,25,25 xu,3802,
abul8938,SPUN,1,75,75 xu,3988,
abul8939,SPUN,1,150,150 xu,3869,
abul8940,SPUN,1,300,300 xu,4136,
abul8941,SPUN,1,750,750 xu,3630,
abul8942,SPUN,1,25,25 xu,3661,
abul8943,SPUN,1,25,25 xu,3841,
abul8944,SPUN,1,200,200 xu,3653,
abul8945,SPUN,1,200,200 xu,3439,
abul8946,SPUN,1,200,200 xu,3919,
abul8947,SPUN,1,300,300 xu,3873,
abul8948,SPUN,1,200,200 xu,4192,
abul8949,SPUN,1,750,750 xu,3874,
abul8950,SPUN,1,750,750 xu,3934,
abul8951,SPUN,1,75,75 xu,3856,
abul8952,SPUN,1,250,250 xu,3973,
abul8953,SPUN,1,500,500 xu,3610,
abul8954,SPUN,1,10,10 xu,3782,
abul8955,SPUN,1,25,25 xu,3723,
abul8956,SPUN,1,250,250 xu,3756,
abul8957,SPUN,1,150,150 xu,3499,
abul8958,SPUN,1,75,75 xu,3958,
abul8959,SPUN,1,750,750 xu,3681,
abul8960,SPUN,1,500,500 xu,3731,
abul8961,SPUN,1,50,50 xu,3728,
abul8962,SPUN,1,150,150 xu,3886,
abul8963,SPUN,1,500,500 xu,3695,
abul8964,SPUN,1,150,150 xu,3570,
abul8965,SPUN,1,75,75 xu,3886,
abul8966,SPUN,1,200,200 xu,3837,
abul8967,SPUN,1,25,25 xu,3712,
abul8968,SPUN,1,75,75 xu,3676,
abul8969,SPUN,1,10,10 xu,3596,
abul8970,SPUN,1,150,150 xu,3643,
abul8971,SPUN,1,500,500 xu,3683,
abul8972,SPUN,1,10,10 xu,3988,
abul8973,SPUN,1,1000,1000 xu,3622,
abul8974,SPUN,1,250,250 xu,4142,
abul8975,SPUN,1,25,25 xu,3788,
abul8976,SPUN,1,200,200 xu,3857,
abul8977,SPUN,1,750,750 xu,3492,
abul8978,SPUN,1,200,200 xu,3919,
abul8979,SPUN,1,1000,1000 xu,3916,
abul8980,SPUN,1,1000,1000 xu,3895,
abul8981,SPUN,1,300,300 xu,3765,
abul8982,SPUN,1,300,300 xu,3949,
abul8983,SPUN,1,10,10 xu,3798,
abul8984,SPUN,1,500,500 xu,3953,
abul8985,SPUN,1,50,50 xu,3824,
abul8986,SPUN,1,500,500 xu,3800,
abul8987,SPUN,1,75,75 xu,3567,
abul8988,SPUN,1,750,750 xu,3572,
abul8989,SPUN,1,500,500 xu,3711,
abul8990,SPUN,1,150,150 xu,3590,
abul8991,SPUN,1,250,250 xu,3890,
abul8992,SPUN,1,75,75 xu,3924,
abul8993,SPUN,1,1000,1000 xu,3729,
abul8994,SPUN,1,50,50 xu,3666,
abul8995,SPUN,1,50,50 xu,3869,
abul8996,SPUN,1,10,10 xu,3672,
abul8997,SPUN,1,300,300 xu,3632,
abul8998,SPUN,1,300,300 xu,3934,
abul8999,SPUN,1,750,750 xu,3686,
abul9000,SPUN,1,150,150 xu,4131,
abul9001,SPUN,1,25,25 xu,4177,
abul9002,SPUN,1,10,10 xu,3704,
abul9003,SPUN,1,1000,1000 xu,3645,
abul9004,SPUN,1,250,250 xu,4161,
abul9005,SPUN,1,150,150 xu,3794,
abul9006,SPUN,1,200,200 xu,3611,
abul9007,SPUN,1,250,250 xu,3904,
abul9008,SPUN,1,1000,1000 xu,3878,
abul9009,SPUN,1,25,25 xu,3871,
abul9010,SPUN,1,1000,1000 xu,3916,
abul9011,SPUN,1,250,250 xu,3989,
abul9012,SPUN,1,250,250 xu,3869,
abul9013,SPUN,1,500,500 xu,3821,
abul9014,SPUN,1,25,25 xu,3848,
abul9015,SPUN,1,300,300 xu,4012,
abul9016,SPUN,1,75,75 xu,3988,
abul9017,SPUN,1,500,500 xu,3931,
abul9018,SPUN,1,500,500 xu,3690,
abul9019,SPUN,1,300,300 xu,3891,
abul9020,SPUN,1,50,50 xu,3853,
abul9021,SPUN,1,25,25 xu,4367,
abul9022,SPUN,1,10,10 xu,3828,
abul9023,SPUN,1,25,25 xu,3892,
abul9024,SPUN,1,750,750 xu,3957,
abul9025,SPUN,1,150,150 xu,3724,
abul9026,SPUN,1,25,25 xu,3637,
abul9027,SPUN,1,1000,1000 xu,3932,
abul9028,SPUN,1,250,250 xu,3675,
abul9029,SPUN,1,300,300 xu,3635,
abul9030,SPUN,1,25,25 xu,3964,
abul9031,SPUN,1,500,500 xu,3680,
abul9032,SPUN,1,10,10 xu,3654,
abul9033,SPUN,1,100,100 xu,3425,
abul9034,SPUN,1,100,100 xu,3498,
abul9035,SPUN,1,100,100 xu,3814,
abul9036,SPUN,1,500,500 xu,3725,
abul9037,SPUN,1,25,25 xu,3643,
abul9038,SPUN,1,1000,1000 xu,3796,
abul9039,SPUN,1,75,75 xu,3895,
abul9040,SPUN,1,1000,1000 xu,3956,
abul9041,SPUN,1,10,10 xu,4186,
abul9042,SPUN,1,25,25 xu,3596,
abul9043,SPUN,1,100,100 xu,3833,
abul9044,SPUN,1,150,150 xu,3905,
abul9045,SPUN,1,1000,1000 xu,3833,
abul9046,SPUN,1,500,500 xu,3642,
abul9047,SPUN,1,25,25 xu,3814,
abul9048,SPUN,1,250,250 xu,3690,
abul9049,SPUN,1,75,75 xu,3894,
abul9050,SPUN,1,50,50 xu,3699,
abul9051,SPUN,1,750,750 xu,3863,
abul9052,SPUN,1,250,250 xu,3412,
abul9053,SPUN,1,50,50 xu,3833,
abul9054,SPUN,1,10,10 xu,3755,
abul9055,SPUN,1,1000,1000 xu,3869,
abul9056,SPUN,1,300,300 xu,3905,
abul9057,SPUN,1,750,750 xu,3957,
abul9058,SPUN,1,75,75 xu,3798,
abul9059,SPUN,1,10,10 xu,3907,
abul9060,SPUN,1,500,500 xu,3651,
abul9061,SPUN,1,75,75 xu,3788,
abul9062,SPUN,1,1000,1000 xu,3907,
abul9063,SPUN,1,750,750 xu,3427,
abul9064,SPUN,1,750,750 xu,3523,
abul9065,SPUN,1,750,750 xu,3981,
abul9066,SPUN,1,500,500 xu,3720,
abul9067,SPUN,1,100,100 xu,3903,
abul9068,SPUN,1,25,25 xu,4125,
abul9069,SPUN,1,100,100 xu,3761,
abul9070,SPUN,1,150,150 xu,3679,
abul9071,SPUN,1,75,75 xu,3503,
abul9072,SPUN,1,750,750 xu,3714,
abul9073,SPUN,1,25,25 xu,3779,
abul9074,SPUN,1,75,75 xu,3527,
abul9075,SPUN,1,200,200 xu,3888,
abul9076,SPUN,1,150,150 xu,3872,
abul9077,SPUN,1,100,100 xu,3633,
abul9078,SPUN,1,50,50 xu,3865,
abul9079,SPUN,1,1000,1000 xu,3891,
abul9080,SPUN,1,500,500 xu,3865,
abul9081,SPUN,1,300,300 xu,3940,
abul9082,SPUN,1,10,10 xu,3981,
abul9083,SPUN,1,750,750 xu,3972,
abul9084,SPUN,1,25,25 xu,3921,
abul9085,SPUN,1,100,100 xu,4214,
abul9086,SPUN,1,200,200 xu,3905,
abul9087,SPUN,1,500,500 xu,3600,
abul9088,SPUN,1,250,250 xu,4165,
abul9089,SPUN,1,150,150 xu,3532,
abul9090,SPUN,1,250,250 xu,3902,
abul9091,SPUN,1,250,250 xu,3657,
abul9092,SPUN,1,500,500 xu,3918,
abul9093,SPUN,1,150,150 xu,3705,
abul9094,SPUN,1,1000,1000 xu,3871,
abul9095,SPUN,1,250,250 xu,3934,
abul9096,SPUN,1,250,250 xu,3876,
abul9097,SPUN,1,75,75 xu,3859,
abul9098,SPUN,1,200,200 xu,3502,
abul9099,SPUN,1,75,75 xu,4023,
abul9100,SPUN,1,100,100 xu,3718,
abul9101,SPUN,1,25,25 xu,3809,
abul9102,SPUN,1,10,10 xu,3697,
abul9103,SPUN,1,10,10 xu,3733,
abul9104,SPUN,1,300,300 xu,3691,
abul9105,SPUN,1,250,250 xu,3871,
abul9106,SPUN,1,25,25 xu,3823,
abul9107,SPUN,1,500,500 xu,3866,
abul9108,SPUN,1,50,50 xu,3780,
abul9109,SPUN,1,75,75 xu,3468,
abul9110,SPUN,1,1000,1000 xu,3918,
abul9111,SPUN,1,10,10 xu,3837,
abul9112,SPUN,1,1000,1000 xu,3762,
abul9113,SPUN,1,250,250 xu,3942,
abul9114,SPUN,1,75,75 xu,3957,
abul9115,SPUN,1,200,200 xu,3769,
abul9116,SPUN,1,500,500 xu,3679,
abul9117,SPUN,1,10,10 xu,3608,
abul9118,SPUN,1,25,25 xu,3785,
abul9119,SPUN,1,100,100 xu,3870,
abul9120,SPUN,1,50,50 xu,3867,
abul9121,SPUN,1,100,100 xu,3654,
abul9122,SPUN,1,50,50 xu,3889,
abul9123,SPUN,1,100,100 xu,3932,
abul9124,SPUN,1,500,500 xu,3797,
abul9125,SPUN,1,200,200 xu,3827,
abul9126,SPUN,1,75,75 xu,3850,
abul9127,SPUN,1,250,250 xu,3729,
abul9128,SPUN,1,100,100 xu,3814,
abul9129,SPUN,1,150,150 xu,3434,
abul9130,SPUN,1,200,200 xu,3910,
abul9131,SPUN,1,100,100 xu,3891,
abul9132,SPUN,1,10,10 xu,3831,
abul9133,SPUN,1,250,250 xu,3733,
abul9134,SPUN,1,100,100 xu,3887,
abul9135,SPUN,1,300,300 xu,3931,
abul9136,SPUN,1,100,100 xu,3872,
abul9138,SPUN,1,50,50 xu,3729,
abul9139,SPUN,1,50,50 xu,3824,
abul9140,SPUN,1,150,150 xu,3846,
abul9141,SPUN,1,1000,1000 xu,3941,
abul9142,SPUN,1,100,100 xu,3551,
abul9143,SPUN,1,10,10 xu,3784,
abul9144,SPUN,1,25,25 xu,3738,
abul9145,SPUN,1,10,10 xu,3787,
abul9146,SPUN,1,75,75 xu,3746,
abul9147,SPUN,1,200,200 xu,3904,
abul9148,SPUN,1,100,100 xu,3898,
abul9149,SPUN,1,100,100 xu,3878,
abul9150,SPUN,1,150,150 xu,3926,
abul9151,SPUN,1,10,10 xu,3879,
abul9152,SPUN,1,500,500 xu,3958,
abul9153,SPUN,1,100,100 xu,3852,
abul9154,SPUN,1,100,100 xu,3899,
abul9155,SPUN,1,25,25 xu,3736,
abul9156,SPUN,1,150,150 xu,3626,
abul9157,SPUN,1,150,150 xu,3871,
abul9158,SPUN,1,75,75 xu,3806,
abul9159,SPUN,1,75,75 xu,3959,
abul9160,SPUN,1,50,50 xu,3896,
abul9161,SPUN,1,1000,1000 xu,4152,
abul9162,SPUN,1,75,75 xu,3707,
abul9163,SPUN,1,200,200 xu,3907,
abul9164,SPUN,1,75,75 xu,3773,
abul9165,SPUN,1,300,300 xu,3682,
abul9166,SPUN,1,1000,1000 xu,3818,
abul9167,SPUN,1,250,250 xu,3923,
abul9168,SPUN,1,200,200 xu,3674,
abul9169,SPUN,1,750,750 xu,3914,
abul9170,SPUN,1,300,300 xu,3507,
abul9171,SPUN,1,75,75 xu,3397,
abul9172,SPUN,1,200,200 xu,3867,
abul9173,SPUN,1,50,50 xu,3675,
abul9174,SPUN,1,150,150 xu,3635,
abul9175,SPUN,1,10,10 xu,3628,
abul9176,SPUN,1,250,250 xu,3872,
abul9177,SPUN,1,75,75 xu,3905,
abul9178,SPUN,1,150,150 xu,3994,
abul9179,SPUN,1,50,50 xu,3981,
abul9180,SPUN,1,750,750 xu,3846,
abul9181,SPUN,1,25,25 xu,3713,
abul9182,SPUN,1,150,150 xu,3912,
abul9183,SPUN,1,1000,1000 xu,3930,
abul9184,SPUN,1,1000,1000 xu,3806,
abul9185,SPUN,1,50,50 xu,3763,
abul9186,SPUN,1,150,150 xu,3947,
abul9187,SPUN,1,100,100 xu,3893,
abul9188,SPUN,1,100,100 xu,3814,
abul9189,SPUN,1,50,50 xu,3876,
abul9190,SPUN,1,750,750 xu,3903,
abul9191,SPUN,1,1000,1000 xu,3924,
abul9192,SPUN,1,750,750 xu,3935,
abul9193,SPUN,1,150,150 xu,3893,
abul9194,SPUN,1,75,75 xu,3643,
abul9195,SPUN,1,250,250 xu,3600,
abul9196,SPUN,1,100,100 xu,3891,
abul9197,SPUN,1,1000,1000 xu,3821,
abul9198,SPUN,1,150,150 xu,3693,
abul9199,SPUN,1,500,500 xu,3714,
abul9200,SPUN,1,10,10 xu,3709,
abul9201,SPUN,1,75,75 xu,3703,
abul9202,SPUN,1,500,500 xu,3666,
abul9203,SPUN,1,25,25 xu,3904,
abul9204,SPUN,1,150,150 xu,3733,
abul9205,SPUN,1,750,750 xu,3637,
abul9206,SPUN,1,1000,1000 xu,3960,
abul9207,SPUN,1,750,750 xu,3623,
abul9208,SPUN,1,50,50 xu,3980,
abul9209,SPUN,1,75,75 xu,3969,
abul9210,SPUN,1,200,200 xu,3979,
abul9211,SPUN,1,100,100 xu,3943,
abul9212,SPUN,1,100,100 xu,3892,
abul9213,SPUN,1,75,75 xu,3715,
abul9214,SPUN,1,300,300 xu,3627,
abul9215,SPUN,1,200,200 xu,3595,
abul9216,SPUN,1,1000,1000 xu,3967,
abul9217,SPUN,1,100,100 xu,3738,
abul9218,SPUN,1,10,10 xu,3925,
abul9219,SPUN,1,50,50 xu,3737,
abul9220,SPUN,1,150,150 xu,3870,
abul9221,SPUN,1,200,200 xu,3753,
abul9222,SPUN,1,300,300 xu,3878,
abul9223,SPUN,1,25,25 xu,3939,
abul9224,SPUN,1,25,25 xu,3851,
abul9225,SPUN,1,250,250 xu,3809,
abul9226,SPUN,1,10,10 xu,4036,
abul9227,SPUN,1,50,50 xu,3572,
abul9228,SPUN,1,50,50 xu,3915,
abul9229,SPUN,1,300,300 xu,3453,
abul9230,SPUN,1,100,100 xu,3499,
abul9231,SPUN,1,200,200 xu,3933,
abul9232,SPUN,1,50,50 xu,3814,
abul9233,SPUN,1,10,10 xu,3920,
abul9234,SPUN,1,200,200 xu,3799,
abul9235,SPUN,1,750,750 xu,3894,
abul9236,SPUN,1,1000,1000 xu,3633,
abul9237,SPUN,1,500,500 xu,3801,
abul9238,SPUN,1,50,50 xu,4424,
abul9239,SPUN,1,100,100 xu,3922,
abul9240,SPUN,1,750,750 xu,3827,
abul9241,SPUN,1,300,300 xu,3900,
abul9242,SPUN,1,50,50 xu,3600,
abul9243,SPUN,1,1000,1000 xu,3779,
abul9244,SPUN,1,75,75 xu,3788,
abul9245,SPUN,1,1000,1000 xu,3789,
abul9246,SPUN,1,50,50 xu,3924,
abul9247,SPUN,1,100,100 xu,3906,
abul9248,SPUN,1,500,500 xu,3829,
abul9249,SPUN,1,300,300 xu,3463,
abul9250,SPUN,1,150,150 xu,3978,
abul9251,SPUN,1,250,250 xu,3674,
abul9252,SPUN,1,150,150 xu,3799,
abul9253,SPUN,1,100,100 xu,4223,
abul9254,SPUN,1,75,75 xu,3699,
abul9255,SPUN,1,150,150 xu,3810,
abul9256,SPUN,1,100,100 xu,3856,
abul9257,SPUN,1,150,150 xu,3657,
abul9258,SPUN,1,75,75 xu,3689,
abul9259,SPUN,1,250,250 xu,3881,
abul9260,SPUN,1,50,50 xu,3700,
abul9261,SPUN,1,150,150 xu,3851,
abul9262,SPUN,1,300,300 xu,3856,
abul9263,SPUN,1,750,750 xu,3682,
abul9264,SPUN,1,1000,1000 xu,3892,
abul9265,SPUN,1,500,500 xu,3661,
abul9266,SPUN,1,25,25 xu,3835,
abul9267,SPUN,1,75,75 xu,3634,
abul9268,SPUN,1,250,250 xu,3902,
abul9269,SPUN,1,25,25 xu,3647,
abul9270,SPUN,1,300,300 xu,3766,
abul9271,SPUN,1,150,150 xu,3940,
abul9272,SPUN,1,25,25 xu,3827,
abul9273,SPUN,1,50,50 xu,3715,
abul9274,SPUN,1,150,150 xu,3787,
abul9275,SPUN,1,500,500 xu,3922,
abul9276,SPUN,1,25,25 xu,3403,
abul9277,SPUN,1,10,10 xu,3911,
abul9278,SPUN,1,25,25 xu,3931,
abul9279,SPUN,1,25,25 xu,3900,
abul9280,SPUN,1,75,75 xu,3869,
abul9281,SPUN,1,250,250 xu,3536,
abul9282,SPUN,1,500,500 xu,3812,
abul9283,SPUN,1,25,25 xu,3933,
abul9284,SPUN,1,500,500 xu,3971,
abul9285,SPUN,1,250,250 xu,3937,
abul9286,SPUN,1,50,50 xu,3658,
abul9287,SPUN,1,10,10 xu,3855,
abul9288,SPUN,1,50,50 xu,3896,
abul9289,SPUN,1,300,300 xu,3930,
abul9290,SPUN,1,750,750 xu,3745,
abul9291,SPUN,1,1000,1000 xu,4012,
abul9292,SPUN,1,75,75 xu,3627,
abul9293,SPUN,1,10,10 xu,3876,
abul9294,SPUN,1,1000,1000 xu,3829,
abul9295,SPUN,1,750,750 xu,3850,
abul9296,SPUN,1,200,200 xu,3679,
abul9297,SPUN,1,25,25 xu,3883,
abul9298,SPUN,1,10,10 xu,3997,
abul9299,SPUN,1,50,50 xu,3788,
abul9300,SPUN,1,300,300 xu,3863,
abul9301,SPUN,1,750,750 xu,3654,
abul9302,SPUN,1,50,50 xu,3740,
abul9303,SPUN,1,25,25 xu,3924,
abul9304,SPUN,1,75,75 xu,3647,
abul9305,SPUN,1,150,150 xu,3817,
abul9306,SPUN,1,25,25 xu,4277,
abul9307,SPUN,1,750,750 xu,3763,
abul9308,SPUN,1,200,200 xu,4088,
abul9309,SPUN,1,1000,1000 xu,3695,
abul9310,SPUN,1,75,75 xu,3749,
abul9311,SPUN,1,750,750 xu,4159,
abul9312,SPUN,1,25,25 xu,4260,
abul9313,SPUN,1,100,100 xu,3630,
abul9314,SPUN,1,25,25 xu,4026,
abul9315,SPUN,1,250,250 xu,3622,
abul9316,SPUN,1,50,50 xu,3697,
abul9317,SPUN,1,100,100 xu,3645,
abul9318,SPUN,1,300,300 xu,3231,
abul9319,SPUN,1,50,50 xu,3520,
abul9320,SPUN,1,300,300 xu,3567,
abul9321,SPUN,1,75,75 xu,3608,
abul9322,SPUN,1,300,300 xu,3568,
abul9323,SPUN,1,500,500 xu,3323,
abul9324,SPUN,1,200,200 xu,3561,
abul9325,SPUN,1,200,200 xu,3568,
abul9326,SPUN,1,500,500 xu,3573,
abul9327,SPUN,1,150,150 xu,3674,
abul9328,SPUN,1,750,750 xu,3766,
abul9329,SPUN,1,25,25 xu,3568,
abul9330,SPUN,1,25,25 xu,3989,
abul9331,SPUN,1,300,300 xu,3653,
abul9332,SPUN,1,100,100 xu,4092,
abul9333,SPUN,1,150,150 xu,3530,
abul9334,SPUN,1,10,10 xu,3596,
abul9335,SPUN,1,25,25 xu,3512,
abul9336,SPUN,1,500,500 xu,3462,
abul9337,SPUN,1,750,750 xu,3634,
abul9338,SPUN,1,1000,1000 xu,3574,
abul9339,SPUN,1,75,75 xu,3560,
abul9340,SPUN,1,50,50 xu,3951,
abul9341,SPUN,1,10,10 xu,3529,
abul9342,SPUN,1,200,200 xu,3583,
abul9343,SPUN,1,10,10 xu,3533,
abul9344,SPUN,1,300,300 xu,3562,
abul9345,SPUN,1,100,100 xu,3579,
abul9346,SPUN,1,300,300 xu,3750,
abul9347,SPUN,1,1000,1000 xu,3549,
abul9348,SPUN,1,10,10 xu,3564,
abul9349,SPUN,1,300,300 xu,3505,
abul9350,SPUN,1,25,25 xu,3506,
abul9351,SPUN,1,750,750 xu,3585,
abul9352,SPUN,1,300,300 xu,3606,
abul9353,SPUN,1,75,75 xu,3505,
abul9354,SPUN,1,50,50 xu,3641,
abul9355,SPUN,1,25,25 xu,3531,
abul9356,SPUN,1,100,100 xu,3469,
abul9357,SPUN,1,100,100 xu,3640,
abul9358,SPUN,1,250,250 xu,3604,
abul9359,SPUN,1,75,75 xu,3726,
abul9360,SPUN,1,500,500 xu,3598,
abul9361,SPUN,1,150,150 xu,3620,
abul9362,SPUN,1,50,50 xu,3629,
abul9363,SPUN,1,300,300 xu,3536,
abul9364,SPUN,1,250,250 xu,3623,
abul9365,SPUN,1,50,50 xu,3467,
abul9366,SPUN,1,10,10 xu,3562,
abul9367,SPUN,1,500,500 xu,3557,
abul9368,SPUN,1,300,300 xu,3557,
abul9369,SPUN,1,150,150 xu,3716,
abul9370,SPUN,1,500,500 xu,3587,
abul9371,SPUN,1,150,150 xu,3632,
abul9372,SPUN,1,150,150 xu,3574,
abul9373,SPUN,1,75,75 xu,3581,
abul9374,SPUN,1,500,500 xu,3576,
abul9375,SPUN,1,750,750 xu,3513,
abul9376,SPUN,1,100,100 xu,3710,
abul9377,SPUN,1,150,150 xu,3557,
abul9378,SPUN,1,50,50 xu,3475,
abul9379,SPUN,1,10,10 xu,3556,
abul9380,SPUN,1,300,300 xu,3481,
abul9381,SPUN,1,25,25 xu,3675,
abul9382,SPUN,1,300,300 xu,3504,
abul9383,SPUN,1,250,250 xu,3639,
abul9384,SPUN,1,150,150 xu,3045,
abul9385,SPUN,1,750,750 xu,3661,
abul9386,SPUN,1,300,300 xu,3616,
abul9387,SPUN,1,75,75 xu,3577,
abul9388,SPUN,1,75,75 xu,3508,
abul9389,SPUN,1,75,75 xu,3617,
abul9390,SPUN,1,750,750 xu,3607,
abul9391,SPUN,1,50,50 xu,3464,
abul9392,SPUN,1,750,750 xu,3561,
abul9393,SPUN,1,250,250 xu,3601,
abul9394,SPUN,1,250,250 xu,3593,
abul9395,SPUN,1,100,100 xu,3648,
abul9396,SPUN,1,10,10 xu,3584,
abul9397,SPUN,1,200,200 xu,3531,
abul9398,SPUN,1,75,75 xu,3586,
abul9399,SPUN,1,500,500 xu,3535,
abul9400,SPUN,1,75,75 xu,3644,
abul9401,SPUN,1,500,500 xu,3527,
abul9402,SPUN,1,500,500 xu,3544,
abul9403,SPUN,1,200,200 xu,3664,
abul9404,SPUN,1,750,750 xu,3526,
abul9405,SPUN,1,300,300 xu,3502,
abul9406,SPUN,1,300,300 xu,3531,
abul9407,SPUN,1,50,50 xu,3618,
abul9408,SPUN,1,300,300 xu,3565,
abul9409,SPUN,1,75,75 xu,3604,
abul9410,SPUN,1,75,75 xu,3629,
abul9411,SPUN,1,200,200 xu,3600,
abul9412,SPUN,1,25,25 xu,3623,
abul9413,SPUN,1,25,25 xu,3779,
abul9414,SPUN,1,750,750 xu,3617,
abul9415,SPUN,1,10,10 xu,3568,
abul9416,SPUN,1,300,300 xu,3513,
abul9417,SPUN,1,250,250 xu,3521,
abul9418,SPUN,1,75,75 xu,3544,
abul9419,SPUN,1,150,150 xu,3602,
abul9420,SPUN,1,75,75 xu,3497,
abul9421,SPUN,1,50,50 xu,3538,
abul9422,SPUN,1,25,25 xu,3601,
abul9423,SPUN,1,500,500 xu,3572,
abul9424,SPUN,1,750,750 xu,3450,
abul9425,SPUN,1,10,10 xu,3553,
abul9426,SPUN,1,150,150 xu,3524,
abul9427,SPUN,1,150,150 xu,3503,
abul9428,SPUN,1,50,50 xu,4056,
abul9429,SPUN,1,50,50 xu,3570,
abul9430,SPUN,1,25,25 xu,3568,
abul9431,SPUN,1,300,300 xu,3675,
abul9432,SPUN,1,150,150 xu,3606,
abul9433,SPUN,1,750,750 xu,3188,
abul9434,SPUN,1,750,750 xu,3634,
abul9435,SPUN,1,50,50 xu,3503,
abul9436,SPUN,1,10,10 xu,3656,
abul9437,SPUN,1,200,200 xu,3560,
abul9438,SPUN,1,300,300 xu,3442,
abul9439,SPUN,1,1000,1000 xu,3677,
abul9440,SPUN,1,750,750 xu,3483,
abul9441,SPUN,1,50,50 xu,3524,
abul9442,SPUN,1,300,300 xu,3094,
abul9443,SPUN,1,75,75 xu,3553,
abul9444,SPUN,1,75,75 xu,3578,
abul9445,SPUN,1,150,150 xu,3521,
abul9446,SPUN,1,25,25 xu,3505,
abul9447,SPUN,1,750,750 xu,3546,
abul9448,SPUN,1,200,200 xu,3622,
abul9449,SPUN,1,50,50 xu,3448,
abul9450,SPUN,1,75,75 xu,3584,
abul9451,SPUN,1,10,10 xu,3567,
abul9452,SPUN,1,750,750 xu,3585,
abul9453,SPUN,1,75,75 xu,3626,
abul9454,SPUN,1,250,250 xu,4013,
abul9455,SPUN,1,1000,1000 xu,3604,
abul9456,SPUN,1,150,150 xu,3495,
abul9457,SPUN,1,50,50 xu,4184,
abul9458,SPUN,1,100,100 xu,3553,
abul9459,SPUN,1,50,50 xu,3555,
abul9460,SPUN,1,75,75 xu,3608,
abul9461,SPUN,1,50,50 xu,3594,
abul9462,SPUN,1,750,750 xu,3578,
abul9463,SPUN,1,100,100 xu,3624,
abul9464,SPUN,1,1000,1000 xu,3566,
abul9465,SPUN,1,250,250 xu,3588,
abul9466,SPUN,1,750,750 xu,3623,
abul9467,SPUN,1,750,750 xu,3578,
abul9468,SPUN,1,75,75 xu,3499,
abul9469,SPUN,1,1000,1000 xu,3508,
abul9470,SPUN,1,250,250 xu,3587,
abul9471,SPUN,1,300,300 xu,3287,
abul9472,SPUN,1,500,500 xu,3527,
abul9473,SPUN,1,500,500 xu,3504,
abul9474,SPUN,1,250,250 xu,3826,
abul9475,SPUN,1,75,75 xu,3593,
abul9476,SPUN,1,200,200 xu,3537,
abul9477,SPUN,1,75,75 xu,3621,
abul9478,SPUN,1,75,75 xu,3467,
abul9479,SPUN,1,500,500 xu,3546,
abul9480,SPUN,1,50,50 xu,3472,
abul9481,SPUN,1,750,750 xu,3612,
abul9482,SPUN,1,1000,1000 xu,3538,
abul9483,SPUN,1,100,100 xu,3440,
abul9484,SPUN,1,250,250 xu,3648,
abul9485,SPUN,1,25,25 xu,3564,
abul9486,SPUN,1,10,10 xu,3569,
abul9487,SPUN,1,10,10 xu,3548,
abul9488,SPUN,1,100,100 xu,3506,
abul9489,SPUN,1,500,500 xu,3643,
abul9490,SPUN,1,750,750 xu,3658,
abul9491,SPUN,1,1000,1000 xu,3510,
abul9492,SPUN,1,250,250 xu,3512,
abul9493,SPUN,1,750,750 xu,3735,
abul9494,SPUN,1,150,150 xu,3594,
abul9495,SPUN,1,75,75 xu,3672,
abul9496,SPUN,1,150,150 xu,3565,
abul9497,SPUN,1,150,150 xu,3508,
abul9498,SPUN,1,200,200 xu,3569,
abul9499,SPUN,1,1000,1000 xu,3698,
abul9500,SPUN,1,200,200 xu,3448,
abul9501,SPUN,1,75,75 xu,3447,
abul9502,SPUN,1,150,150 xu,3626,
abul9503,SPUN,1,300,300 xu,3609,
abul9504,SPUN,1,150,150 xu,3578,
abul9505,SPUN,1,250,250 xu,3559,
abul9506,SPUN,1,75,75 xu,3630,
abul9507,SPUN,1,200,200 xu,3549,
abul9508,SPUN,1,25,25 xu,3596,
abul9509,SPUN,1,300,300 xu,3660,
abul9510,SPUN,1,100,100 xu,3510,
abul9511,SPUN,1,10,10 xu,3640,
abul9512,SPUN,1,75,75 xu,3601,
abul9513,SPUN,1,150,150 xu,3554,
abul9514,SPUN,1,1000,1000 xu,3498,
abul9515,SPUN,1,100,100 xu,3518,
abul9516,SPUN,1,750,750 xu,3564,
abul9517,SPUN,1,25,25 xu,3502,
abul9518,SPUN,1,750,750 xu,3593,
abul9519,SPUN,1,750,750 xu,3506,
abul9520,SPUN,1,200,200 xu,3697,
abul9521,SPUN,1,50,50 xu,3583,
abul9522,SPUN,1,200,200 xu,3499,
abul9523,SPUN,1,1000,1000 xu,3571,
abul9524,SPUN,1,150,150 xu,3677,
abul9525,SPUN,1,50,50 xu,4092,
abul9526,SPUN,1,200,200 xu,3638,
abul9527,SPUN,1,1000,1000 xu,3539,
abul9528,SPUN,1,200,200 xu,3576,
abul9529,SPUN,1,10,10 xu,3509,
abul9530,SPUN,1,250,250 xu,3666,
abul9531,SPUN,1,10,10 xu,3864,
abul9532,SPUN,1,50,50 xu,3665,
abul9533,SPUN,1,250,250 xu,3510,
abul9534,SPUN,1,10,10 xu,3453,
abul9535,SPUN,1,100,100 xu,3624,
abul9536,SPUN,1,300,300 xu,3533,
abul9537,SPUN,1,200,200 xu,3638,
abul9538,SPUN,1,250,250 xu,3613,
abul9539,SPUN,1,75,75 xu,3606,
abul9540,SPUN,1,150,150 xu,3607,
abul9541,SPUN,1,250,250 xu,3573,
abul9542,SPUN,1,25,25 xu,3573,
abul9543,SPUN,1,300,300 xu,3680,
abul9544,SPUN,1,10,10 xu,3621,
abul9545,SPUN,1,50,50 xu,3533,
abul9546,SPUN,1,1000,1000 xu,3574,
abul9547,SPUN,1,750,750 xu,3527,
abul9548,SPUN,1,500,500 xu,3543,
abul9549,SPUN,1,1000,1000 xu,3597,
abul9550,SPUN,1,200,200 xu,3627,
abul9551,SPUN,1,150,150 xu,3607,
abul9552,SPUN,1,200,200 xu,3615,
abul9553,SPUN,1,25,25 xu,3598,
abul9554,SPUN,1,300,300 xu,3665,
abul9555,SPUN,1,75,75 xu,3667,
abul9556,SPUN,1,1000,1000 xu,3592,
abul9557,SPUN,1,250,250 xu,3619,
abul9558,SPUN,1,1000,1000 xu,3524,
abul9559,SPUN,1,25,25 xu,3602,
abul9560,SPUN,1,75,75 xu,3661,
abul9561,SPUN,1,25,25 xu,3571,
abul9562,SPUN,1,75,75 xu,3597,
abul9563,SPUN,1,200,200 xu,3534,
abul9564,SPUN,1,75,75 xu,3602,
abul9565,SPUN,1,300,300 xu,3646,
abul9566,SPUN,1,150,150 xu,3459,
abul9567,SPUN,1,750,750 xu,3547,
abul9568,SPUN,1,1000,1000 xu,3575,
abul9569,SPUN,1,300,300 xu,3514,
abul9570,SPUN,1,75,75 xu,3514,
abul9571,SPUN,1,200,200 xu,3634,
abul9572,SPUN,1,250,250 xu,3649,
abul9573,SPUN,1,25,25 xu,3583,
abul9574,SPUN,1,100,100 xu,3544,
abul9575,SPUN,1,75,75 xu,3494,
abul9576,SPUN,1,150,150 xu,3439,
abul9577,SPUN,1,100,100 xu,3547,
abul9578,SPUN,1,200,200 xu,3586,
abul9579,SPUN,1,750,750 xu,3563,
abul9580,SPUN,1,250,250 xu,3599,
abul9581,SPUN,1,150,150 xu,3643,
abul9582,SPUN,1,500,500 xu,3511,
abul9583,SPUN,1,150,150 xu,3591,
abul9584,SPUN,1,150,150 xu,3627,
abul9585,SPUN,1,200,200 xu,3613,
abul9586,SPUN,1,1000,1000 xu,3478,
abul9587,SPUN,1,200,200 xu,3512,
abul9588,SPUN,1,10,10 xu,3660,
abul9589,SPUN,1,750,750 xu,3693,
abul9590,SPUN,1,750,750 xu,3615,
abul9591,SPUN,1,10,10 xu,3548,
abul9592,SPUN,1,50,50 xu,3556,
abul9593,SPUN,1,300,300 xu,3606,
abul9594,SPUN,1,75,75 xu,3584,
abul9595,SPUN,1,50,50 xu,3557,
abul9596,SPUN,1,200,200 xu,3457,
abul9597,SPUN,1,75,75 xu,3542,
abul9598,SPUN,1,750,750 xu,4286,
abul9599,SPUN,1,200,200 xu,3583,
abul9600,SPUN,1,100,100 xu,3487,
abul9601,SPUN,1,10,10 xu,3622,
abul9602,SPUN,1,25,25 xu,3514,
abul9603,SPUN,1,75,75 xu,3546,
abul9604,SPUN,1,250,250 xu,3599,
abul9605,SPUN,1,1000,1000 xu,3614,
abul9606,SPUN,1,150,150 xu,3685,
abul9607,SPUN,1,10,10 xu,3545,
abul9608,SPUN,1,250,250 xu,3559,
abul9609,SPUN,1,50,50 xu,3577,
abul9610,SPUN,1,500,500 xu,3589,
abul9611,SPUN,1,25,25 xu,3573,
abul9612,SPUN,1,75,75 xu,3579,
abul9613,SPUN,1,10,10 xu,3569,
abul9614,SPUN,1,150,150 xu,3461,
abul9615,SPUN,1,300,300 xu,3609,
abul9616,SPUN,1,100,100 xu,3671,
abul9617,SPUN,1,1000,1000 xu,3572,
abul9618,SPUN,1,300,300 xu,3547,
abul9619,SPUN,1,100,100 xu,3605,
abul9620,SPUN,1,100,100 xu,3540,
abul9621,SPUN,1,250,250 xu,3560,
abul9622,SPUN,1,250,250 xu,3659,
abul9623,SPUN,1,250,250 xu,3609,
abul9624,SPUN,1,300,300 xu,3662,
abul9625,SPUN,1,750,750 xu,3715,
abul9626,SPUN,1,200,200 xu,3598,
abul9627,SPUN,1,200,200 xu,3935,
abul9628,SPUN,1,300,300 xu,3542,
abul9629,SPUN,1,25,25 xu,3611,
abul9630,SPUN,1,200,200 xu,3599,
abul9631,SPUN,1,1000,1000 xu,3572,
abul9632,SPUN,1,300,300 xu,3473,
abul9633,SPUN,1,10,10 xu,3558,
abul9634,SPUN,1,75,75 xu,3600,
abul9635,SPUN,1,75,75 xu,3504,
abul9636,SPUN,1,25,25 xu,3572,
abul9637,SPUN,1,50,50 xu,3581,
abul9638,SPUN,1,500,500 xu,3647,
abul9639,SPUN,1,300,300 xu,3598,
abul9640,SPUN,1,25,25 xu,3551,
abul9641,SPUN,1,250,250 xu,3613,
abul9642,SPUN,1,75,75 xu,3568,
abul9643,SPUN,1,200,200 xu,3629,
abul9644,SPUN,1,300,300 xu,3502,
abul9645,SPUN,1,100,100 xu,3089,
abul9646,SPUN,1,200,200 xu,3596,
abul9647,SPUN,1,750,750 xu,3592,
abul9648,SPUN,1,750,750 xu,3610,
abul9649,SPUN,1,25,25 xu,3538,
abul9650,SPUN,1,100,100 xu,3544,
abul9651,SPUN,1,200,200 xu,3507,
abul9652,SPUN,1,75,75 xu,3579,
abul9653,SPUN,1,100,100 xu,3528,
abul9654,SPUN,1,150,150 xu,3610,
abul9655,SPUN,1,10,10 xu,3641,
abul9656,SPUN,1,750,750 xu,3617,
abul9657,SPUN,1,150,150 xu,3445,
abul9658,SPUN,1,1000,1000 xu,3633,
abul9659,SPUN,1,500,500 xu,3561,
abul9660,SPUN,1,10,10 xu,3465,
abul9661,SPUN,1,750,750 xu,3433,
abul9662,SPUN,1,75,75 xu,3595,
abul9663,SPUN,1,250,250 xu,3527,
abul9664,SPUN,1,100,100 xu,3663,
abul9665,SPUN,1,750,750 xu,3181,
abul9666,SPUN,1,200,200 xu,3542,
abul9667,SPUN,1,100,100 xu,3546,
abul9668,SPUN,1,300,300 xu,3554,
abul9669,SPUN,1,150,150 xu,3563,
abul9670,SPUN,1,150,150 xu,3740,
abul9671,SPUN,1,1000,1000 xu,3569,
abul9672,SPUN,1,300,300 xu,3569,
abul9673,SPUN,1,300,300 xu,3560,
abul9674,SPUN,1,500,500 xu,3694,
abul9675,SPUN,1,750,750 xu,3655,
abul9676,SPUN,1,10,10 xu,3623,
abul9677,SPUN,1,150,150 xu,3660,
abul9678,SPUN,1,75,75 xu,3575,
abul9679,SPUN,1,50,50 xu,3469,
abul9680,SPUN,1,300,300 xu,3564,
abul9681,SPUN,1,10,10 xu,3626,
abul9682,SPUN,1,10,10 xu,3777,
abul9683,SPUN,1,50,50 xu,3530,
abul9684,SPUN,1,300,300 xu,3585,
abul9685,SPUN,1,200,200 xu,3432,
abul9686,SPUN,1,500,500 xu,3595,
abul9687,SPUN,1,750,750 xu,3544,
abul9688,SPUN,1,250,250 xu,3621,
abul9689,SPUN,1,100,100 xu,3539,
abul9690,SPUN,1,100,100 xu,3504,
abul9691,SPUN,1,300,300 xu,3496,
abul9692,SPUN,1,100,100 xu,3700,
abul9693,SPUN,1,150,150 xu,3602,
abul9694,SPUN,1,200,200 xu,3613,
abul9695,SPUN,1,1000,1000 xu,3537,
abul9696,SPUN,1,300,300 xu,3579,
abul9697,SPUN,1,25,25 xu,3467,
abul9698,SPUN,1,10,10 xu,3535,
abul9699,SPUN,1,75,75 xu,3717,
abul9700,SPUN,1,75,75 xu,3642,
abul9701,SPUN,1,500,500 xu,3612,
abul9702,SPUN,1,75,75 xu,3797,
abul9703,SPUN,1,25,25 xu,3480,
abul9704,SPUN,1,1000,1000 xu,3528,
abul9705,SPUN,1,500,500 xu,3572,
abul9706,SPUN,1,750,750 xu,3644,
abul9707,SPUN,1,200,200 xu,3711,
abul9708,SPUN,1,50,50 xu,3536,
abul9709,SPUN,1,750,750 xu,3547,
abul9710,SPUN,1,300,300 xu,3566,
abul9711,SPUN,1,25,25 xu,3591,
abul9712,SPUN,1,750,750 xu,3561,
abul9713,SPUN,1,500,500 xu,3524,
abul9714,SPUN,1,100,100 xu,3506,
abul9715,SPUN,1,750,750 xu,3665,
abul9716,SPUN,1,75,75 xu,3644,
abul9717,SPUN,1,100,100 xu,3585,
abul9718,SPUN,1,10,10 xu,3469,
abul9719,SPUN,1,1000,1000 xu,3655,
abul9720,SPUN,1,100,100 xu,3565,
abul9721,SPUN,1,75,75 xu,3579,
abul9722,SPUN,1,250,250 xu,3552,
abul9723,SPUN,1,50,50 xu,3453,
abul9724,SPUN,1,750,750 xu,3613,
abul9725,SPUN,1,300,300 xu,3560,
abul9726,SPUN,1,500,500 xu,3571,
abul9727,SPUN,1,300,300 xu,3641,
abul9728,SPUN,1,100,100 xu,3582,
abul9729,SPUN,1,500,500 xu,3667,
abul9730,SPUN,1,50,50 xu,3604,
abul9731,SPUN,1,250,250 xu,3535,
abul9732,SPUN,1,750,750 xu,3707,
abul9733,SPUN,1,10,10 xu,3545,
abul9734,SPUN,1,25,25 xu,3563,
abul9735,SPUN,1,100,100 xu,3651,
abul9736,SPUN,1,75,75 xu,3665,
abul9737,SPUN,1,100,100 xu,3622,
abul9738,SPUN,1,10,10 xu,3571,
abul9739,SPUN,1,750,750 xu,3787,
abul9740,SPUN,1,25,25 xu,3605,
abul9741,SPUN,1,750,750 xu,3619,
abul9742,SPUN,1,1000,1000 xu,3751,
abul9743,SPUN,1,1000,1000 xu,3666,
abul9744,SPUN,1,500,500 xu,3508,
abul9745,SPUN,1,25,25 xu,3501,
abul9746,SPUN,1,200,200 xu,3500,
abul9747,SPUN,1,250,250 xu,3531,
abul9748,SPUN,1,500,500 xu,3705,
abul9749,SPUN,1,250,250 xu,3542,
abul9750,SPUN,1,300,300 xu,3572,
abul9751,SPUN,1,500,500 xu,3620,
abul9752,SPUN,1,300,300 xu,3586,
abul9753,SPUN,1,25,25 xu,3658,
abul9754,SPUN,1,10,10 xu,3574,
abul9755,SPUN,1,25,25 xu,3597,
abul9756,SPUN,1,10,10 xu,3568,
abul9757,SPUN,1,25,25 xu,3597,
abul9758,SPUN,1,25,25 xu,3675,
abul9759,SPUN,1,50,50 xu,3649,
abul9760,SPUN,1,50,50 xu,3559,
abul9761,SPUN,1,50,50 xu,3672,
abul9762,SPUN,1,500,500 xu,3578,
abul9763,SPUN,1,500,500 xu,3536,
abul9764,SPUN,1,200,200 xu,3520,
abul9765,SPUN,1,100,100 xu,3581,
abul9766,SPUN,1,75,75 xu,3534,
abul9767,SPUN,1,500,500 xu,3568,
abul9768,SPUN,1,25,25 xu,3578,
abul9769,SPUN,1,75,75 xu,3517,
abul9770,SPUN,1,10,10 xu,3550,
abul9771,SPUN,1,1000,1000 xu,3411,
abul9772,SPUN,1,500,500 xu,3603,
abul9773,SPUN,1,25,25 xu,3522,
abul9774,SPUN,1,500,500 xu,3437,
abul9775,SPUN,1,100,100 xu,3555,
abul9776,SPUN,1,500,500 xu,3776,
abul9777,SPUN,1,25,25 xu,3616,
abul9778,SPUN,1,500,500 xu,3533,
abul9779,SPUN,1,25,25 xu,3442,
abul9780,SPUN,1,25,25 xu,3569,
abul9781,SPUN,1,50,50 xu,3491,
abul9782,SPUN,1,250,250 xu,3459,
abul9783,SPUN,1,500,500 xu,3624,
abul9784,SPUN,1,200,200 xu,3619,
abul9785,SPUN,1,100,100 xu,3528,
abul9786,SPUN,1,200,200 xu,3545,
abul9787,SPUN,1,50,50 xu,3584,
abul9788,SPUN,1,50,50 xu,3665,
abul9789,SPUN,1,1000,1000 xu,3666,
abul9790,SPUN,1,300,300 xu,3561,
abul9791,SPUN,1,200,200 xu,3737,
abul9792,SPUN,1,750,750 xu,3591,
abul9793,SPUN,1,75,75 xu,3690,
abul9794,SPUN,1,300,300 xu,3554,
abul9795,SPUN,1,250,250 xu,3563,
abul9796,SPUN,1,250,250 xu,3616,
abul9797,SPUN,1,750,750 xu,3446,
abul9798,SPUN,1,10,10 xu,3540,
abul9799,SPUN,1,25,25 xu,3512,
abul9800,SPUN,1,10,10 xu,3704,
abul9801,SPUN,1,25,25 xu,3513,
abul9802,SPUN,1,500,500 xu,3142,
abul9803,SPUN,1,250,250 xu,3628,
abul9804,SPUN,1,50,50 xu,3586,
abul9805,SPUN,1,100,100 xu,3693,
abul9806,SPUN,1,10,10 xu,3635,
abul9807,SPUN,1,10,10 xu,3630,
abul9808,SPUN,1,25,25 xu,3667,
abul9809,SPUN,1,50,50 xu,3713,
abul9810,SPUN,1,200,200 xu,3603,
abul9811,SPUN,1,25,25 xu,3521,
abul9812,SPUN,1,200,200 xu,3463,
abul9813,SPUN,1,100,100 xu,3651,
abul9814,SPUN,1,1000,1000 xu,3587,
abul9815,SPUN,1,25,25 xu,3517,
abul9816,SPUN,1,500,500 xu,3621,
abul9817,SPUN,1,50,50 xu,3666,
abul9818,SPUN,1,150,150 xu,3583,
abul9819,SPUN,1,250,250 xu,3587,
abul9820,SPUN,1,200,200 xu,3580,
abul9821,SPUN,1,300,300 xu,3625,
abul9822,SPUN,1,25,25 xu,3641,
abul9823,SPUN,1,50,50 xu,3545,
abul9824,SPUN,1,200,200 xu,3626,
abul9825,SPUN,1,250,250 xu,3474,
abul9826,SPUN,1,750,750 xu,3571,
abul9827,SPUN,1,150,150 xu,3563,
abul9828,SPUN,1,50,50 xu,3567,
abul9829,SPUN,1,300,300 xu,3569,
abul9830,SPUN,1,150,150 xu,3571,
abul9831,SPUN,1,10,10 xu,3600,
abul9832,SPUN,1,10,10 xu,3559,
abul9833,SPUN,1,150,150 xu,3655,
abul9834,SPUN,1,75,75 xu,3493,
abul9835,SPUN,1,1000,1000 xu,3603,
abul9836,SPUN,1,150,150 xu,3484,
abul9837,SPUN,1,150,150 xu,3515,
abul9838,SPUN,1,750,750 xu,3562,
abul9839,SPUN,1,150,150 xu,3632,
abul9840,SPUN,1,150,150 xu,3544,
abul9841,SPUN,1,300,300 xu,3560,
abul9842,SPUN,1,1000,1000 xu,3532,
abul9843,SPUN,1,10,10 xu,3606,
abul9844,SPUN,1,75,75 xu,3478,
abul9845,SPUN,1,750,750 xu,3564,
abul9846,SPUN,1,75,75 xu,3623,
abul9847,SPUN,1,10,10 xu,3555,
abul9848,SPUN,1,75,75 xu,3503,
abul9849,SPUN,1,200,200 xu,3529,
abul9850,SPUN,1,750,750 xu,3652,
abul9851,SPUN,1,75,75 xu,3486,
abul9852,SPUN,1,10,10 xu,3618,
abul9853,SPUN,1,300,300 xu,3706,
abul9854,SPUN,1,750,750 xu,3489,
abul9855,SPUN,1,500,500 xu,3543,
abul9856,SPUN,1,200,200 xu,3593,
abul9857,SPUN,1,50,50 xu,4048,
abul9858,SPUN,1,150,150 xu,3563,
abul9859,SPUN,1,300,300 xu,3730,
abul9860,SPUN,1,25,25 xu,3595,
abul9861,SPUN,1,500,500 xu,3612,
abul9862,SPUN,1,100,100 xu,3469,
abul9863,SPUN,1,200,200 xu,3678,
abul9864,SPUN,1,75,75 xu,3511,
abul9865,SPUN,1,75,75 xu,3418,
abul9866,SPUN,1,500,500 xu,3469,
abul9867,SPUN,1,10,10 xu,3664,
abul9868,SPUN,1,300,300 xu,3758,
abul9869,SPUN,1,200,200 xu,3621,
abul9870,SPUN,1,75,75 xu,3672,
abul9871,SPUN,1,750,750 xu,3567,
abul9872,SPUN,1,50,50 xu,3572,
abul9873,SPUN,1,75,75 xu,3210,
abul9874,SPUN,1,25,25 xu,3630,
abul9875,SPUN,1,500,500 xu,3595,
abul9876,SPUN,1,150,150 xu,3587,
abul9877,SPUN,1,300,300 xu,3493,
abul9878,SPUN,1,250,250 xu,3594,
abul9879,SPUN,1,100,100 xu,3660,
abul9880,SPUN,1,25,25 xu,3557,
abul9881,SPUN,1,150,150 xu,3682,
abul9882,SPUN,1,10,10 xu,3515,
abul9883,SPUN,1,25,25 xu,3509,
abul9884,SPUN,1,750,750 xu,3585,
abul9885,SPUN,1,200,200 xu,3572,
abul9886,SPUN,1,750,750 xu,3562,
abul9887,SPUN,1,1000,1000 xu,3518,
abul9888,SPUN,1,200,200 xu,3628,
abul9889,SPUN,1,1000,1000 xu,3557,
abul9890,SPUN,1,1000,1000 xu,3618,
abul9891,SPUN,1,250,250 xu,3642,
abul9892,SPUN,1,50,50 xu,3676,
abul9893,SPUN,1,250,250 xu,3629,
abul9894,SPUN,1,1000,1000 xu,3588,
abul9895,SPUN,1,250,250 xu,3592,
abul9896,SPUN,1,500,500 xu,3591,
abul9897,SPUN,1,100,100 xu,3712,
abul9898,SPUN,1,100,100 xu,3455,
abul9899,SPUN,1,250,250 xu,3633,
abul9900,SPUN,1,500,500 xu,3595,
abul9901,SPUN,1,200,200 xu,3534,
abul9902,SPUN,1,250,250 xu,3672,
abul9903,SPUN,1,100,100 xu,3820,
abul9904,SPUN,1,25,25 xu,3620,
abul9905,SPUN,1,75,75 xu,3662,
abul9906,SPUN,1,100,100 xu,3641,
abul9907,SPUN,1,500,500 xu,3599,
abul9908,SPUN,1,250,250 xu,3666,
abul9909,SPUN,1,300,300 xu,3537,
abul9910,SPUN,1,500,500 xu,3456,
abul9911,SPUN,1,150,150 xu,3588,
abul9912,SPUN,1,150,150 xu,3565,
abul9913,SPUN,1,150,150 xu,3444,
abul9914,SPUN,1,25,25 xu,3568,
abul9915,SPUN,1,750,750 xu,3583,
abul9916,SPUN,1,250,250 xu,3505,
abul9917,SPUN,1,10,10 xu,3615,
abul9918,SPUN,1,75,75 xu,3553,
abul9919,SPUN,1,25,25 xu,3536,
abul9920,SPUN,1,500,500 xu,3575,
abul9921,SPUN,1,75,75 xu,3685,
abul9922,SPUN,1,25,25 xu,3662,
abul9923,SPUN,1,750,750 xu,3772,
abul9924,SPUN,1,1000,1000 xu,3627,
abul9925,SPUN,1,10,10 xu,3536,
abul9926,SPUN,1,50,50 xu,3536,
abul9927,SPUN,1,150,150 xu,3566,
abul9928,SPUN,1,25,25 xu,3584,
abul9929,SPUN,1,150,150 xu,3550,
abul9930,SPUN,1,500,500 xu,3542,
abul9931,SPUN,1,75,75 xu,3520,
abul9932,SPUN,1,10,10 xu,3598,
abul9933,SPUN,1,300,300 xu,3610,
abul9934,SPUN,1,50,50 xu,3543,
abul9935,SPUN,1,750,750 xu,3525,
abul9936,SPUN,1,750,750 xu,3535,
abul9937,SPUN,1,150,150 xu,3507,
abul9938,SPUN,1,50,50 xu,3561,
abul9939,SPUN,1,750,750 xu,3639,
abul9940,SPUN,1,100,100 xu,3569,
abul9941,SPUN,1,200,200 xu,3580,
abul9942,SPUN,1,10,10 xu,3579,
abul9943,SPUN,1,100,100 xu,3624,
abul9944,SPUN,1,50,50 xu,3548,
abul9945,SPUN,1,200,200 xu,3577,
abul9946,SPUN,1,200,200 xu,3584,
abul9947,SPUN,1,150,150 xu,3645,
abul9948,SPUN,1,300,300 xu,3598,
abul9949,SPUN,1,75,75 xu,3512,
abul9950,SPUN,1,200,200 xu,3521,
abul9951,SPUN,1,25,25 xu,3574,
abul9952,SPUN,1,10,10 xu,3631,
abul9953,SPUN,1,1000,1000 xu,3679,
abul9954,SPUN,1,10,10 xu,3587,
abul9955,SPUN,1,75,75 xu,3621,
abul9956,SPUN,1,25,25 xu,3654,
abul9957,SPUN,1,200,200 xu,3460,
abul9958,SPUN,1,300,300 xu,3624,
abul9959,SPUN,1,10,10 xu,3155,
abul9960,SPUN,1,75,75 xu,3662,
abul9961,SPUN,1,750,750 xu,3498,
abul9962,SPUN,1,50,50 xu,3656,
abul9963,SPUN,1,10,10 xu,3609,
abul9964,SPUN,1,25,25 xu,3470,
abul9965,SPUN,1,10,10 xu,3490,
abul9966,SPUN,1,75,75 xu,3556,
abul9967,SPUN,1,100,100 xu,3639,
abul9968,SPUN,1,500,500 xu,3559,
abul9969,SPUN,1,500,500 xu,3607,
abul9970,SPUN,1,250,250 xu,3595,
abul9971,SPUN,1,10,10 xu,3472,
abul9972,SPUN,1,1000,1000 xu,3662,
abul9973,SPUN,1,300,300 xu,3583,
abul9974,SPUN,1,75,75 xu,4104,
abul9975,SPUN,1,150,150 xu,3604,
abul9976,SPUN,1,250,250 xu,3575,
abul9977,SPUN,1,50,50 xu,3519,
abul9978,SPUN,1,250,250 xu,3687,
abul9979,SPUN,1,300,300 xu,3661,
abul9980,SPUN,1,150,150 xu,3617,
abul9981,SPUN,1,25,25 xu,3505,
abul9982,SPUN,1,1000,1000 xu,3533,
abul9983,SPUN,1,10,10 xu,4037,
abul9984,SPUN,1,250,250 xu,3492,
abul9985,SPUN,1,750,750 xu,3685,
abul9986,SPUN,1,300,300 xu,3517,
abul9987,SPUN,1,25,25 xu,3614,
abul9988,SPUN,1,150,150 xu,3483,
abul9989,SPUN,1,25,25 xu,3578,
abul9990,SPUN,1,150,150 xu,3568,
abul9991,SPUN,1,10,10 xu,3577,
abul9992,SPUN,1,300,300 xu,4104,
abul9993,SPUN,1,200,200 xu,3601,
abul9994,SPUN,1,1000,1000 xu,3528,
abul9995,SPUN,1,750,750 xu,3659,
abul9996,SPUN,1,250,250 xu,3607,
abul9997,SPUN,1,100,100 xu,3980,
abul9998,SPUN,1,750,750 xu,3486,
abul9999,SPUN,1,10,10 xu,3562,
