acc,status,balance,transferred,ms,note
abul10000,OK,1000,1000,2907,
abul10001,OK,525,525,2776,
abul10002,OK,525,525,3003,
abul10003,OK,1000,1000,2806,
abul10004,OK,550,550,2929,
abul10005,OK,1500,1500,2919,
abul10006,OK,600,600,2932,
abul10007,OK,575,575,2796,
abul10008,OK,1500,1500,2966,
abul10009,OK,750,750,2868,
abul10010,OK,800,800,2906,
abul10011,OK,550,550,2873,
abul10012,OK,525,525,2897,
abul10013,OK,510,510,2882,
abul10014,OK,1250,1250,2909,
abul10015,OK,800,800,2800,
abul10016,OK,575,575,2988,
abul10017,OK,510,510,2951,
abul10018,OK,650,650,2858,
abul10019,OK,550,550,2864,
abul10020,OK,575,575,2982,
abul10021,OK,1000,1000,2788,
abul10022,OK,1500,1500,3315,
abul10023,OK,750,750,2906,
abul10024,OK,600,600,2891,
abul10025,OK,650,650,2904,
abul10026,OK,1000,1000,2902,
abul10027,OK,1000,1000,2976,
abul10028,OK,1000,1000,2924,
abul10029,OK,750,750,2929,
abul10030,OK,510,510,2962,
abul10031,OK,800,800,2870,
abul10032,OK,510,510,2958,
abul10033,OK,1500,1500,2915,
abul10034,OK,510,510,2912,
abul10035,OK,700,700,2925,
abul10036,OK,800,800,2912,
abul10037,OK,800,800,2797,
abul10038,OK,1000,1000,2946,
abul10039,OK,750,750,2893,
abul10040,OK,700,700,3030,
abul10041,OK,510,510,2967,
abul10042,OK,650,650,2811,
abul10043,OK,600,600,2908,
abul10044,OK,510,510,2869,
abul10045,OK,600,600,3029,
abul10046,OK,800,800,2855,
abul10047,OK,550,550,2905,
abul10048,OK,750,750,2957,
abul10049,OK,700,700,2877,
abul10050,OK,525,525,2911,
abul10051,OK,510,510,2998,
abul10052,OK,600,600,2837,
abul10053,OK,1000,1000,3017,
abul10054,OK,525,525,2944,
abul10055,OK,1000,1000,2930,
abul10056,OK,1250,1250,2881,
abul10057,OK,1000,1000,2410,
abul10058,OK,750,750,2898,
abul10059,OK,700,700,2957,
abul10060,OK,1500,1500,2881,
abul10061,OK,550,550,3003,
abul10062,OK,750,750,2893,
abul10063,OK,510,510,3164,
abul10064,OK,510,510,2859,
abul10065,OK,700,700,2891,
abul10066,OK,575,575,2953,
abul10067,OK,1250,1250,2814,
abul10068,OK,600,600,2952,
abul10069,OK,700,700,3061,
abul10070,OK,750,750,2902,
abul10071,OK,1250,1250,2966,
abul10072,OK,575,575,2881,
abul10073,OK,800,800,2846,
abul10074,OK,525,525,2528,
abul10075,OK,575,575,2952,
abul10076,OK,550,550,2933,
abul10077,OK,800,800,2937,
abul10078,OK,750,750,2890,
abul10079,OK,600,600,2933,
abul10080,OK,800,800,2907,
abul10081,OK,700,700,2986,
abul10082,OK,700,700,2973,
abul10083,OK,650,650,2849,
abul10084,OK,750,750,2904,
abul10085,OK,1500,1500,2938,
abul10086,OK,650,650,2969,
abul10087,OK,1500,1500,2880,
abul10088,OK,800,800,2937,
abul10089,OK,650,650,2932,
abul10090,OK,700,700,2920,
abul10091,OK,1250,1250,2923,
abul10092,OK,700,700,2928,
abul10093,OK,525,525,2838,
abul10094,OK,575,575,2858,
abul10095,OK,510,510,2872,
abul10096,OK,1250,1250,2945,
abul10097,OK,1500,1500,2983,
abul10098,OK,510,510,2942,
abul10099,OK,700,700,2849,
abul10100,OK,600,600,2881,
abul10101,OK,800,800,3372,
abul10102,OK,600,600,2877,
abul10103,OK,1500,1500,2907,
abul10104,OK,1000,1000,2864,
abul10105,OK,1000,1000,2906,
abul10106,OK,700,700,2918,
abul10107,OK,700,700,2913,
abul10108,OK,575,575,2805,
abul10109,OK,650,650,2914,
abul10110,OK,510,510,2845,
abul10111,OK,1500,1500,3228,
abul10112,OK,575,575,2915,
abul10113,OK,700,700,2931,
abul10114,OK,1250,1250,2821,
abul10115,OK,1000,1000,2794,
abul10116,OK,575,575,2990,
abul10117,OK,1000,1000,2889,
abul10118,OK,600,600,2985,
abul10119,OK,700,700,2972,
abul10120,OK,800,800,2895,
abul10121,OK,550,550,2994,
abul10122,OK,575,575,2874,
abul10123,OK,575,575,2846,
abul10124,OK,750,750,2883,
abul10125,OK,550,550,2884,
abul10126,OK,1500,1500,2884,
abul10127,OK,750,750,2872,
abul10128,OK,750,750,2879,
abul10129,OK,600,600,2887,
abul10130,OK,550,550,2997,
abul10131,OK,700,700,2911,
abul10132,OK,1500,1500,2951,
abul10133,OK,1500,1500,2927,
abul10134,OK,1250,1250,2905,
abul10135,OK,800,800,2861,
abul10136,OK,650,650,2875,
abul10137,OK,1500,1500,2810,
abul10138,OK,525,525,2904,
abul10139,OK,650,650,2819,
abul10140,OK,650,650,2881,
abul10141,OK,1000,1000,2826,
abul10142,OK,575,575,2952,
abul10143,OK,510,510,2921,
abul10144,OK,750,750,2923,
abul10145,OK,750,750,2918,
abul10146,OK,600,600,2918,
abul10147,OK,575,575,2919,
abul10148,OK,575,575,2841,
abul10149,OK,600,600,2888,
abul10150,OK,1500,1500,2901,
abul10151,OK,650,650,2881,
abul10152,OK,1000,1000,2956,
abul10153,OK,750,750,2897,
abul10154,OK,700,700,2858,
abul10155,OK,800,800,2943,
abul10156,OK,510,510,2927,
abul10157,OK,600,600,2949,
abul10158,OK,575,575,3017,
abul10159,OK,510,510,2931,
abul10160,OK,550,550,2843,
abul10161,OK,1000,1000,2861,
abul10162,OK,1500,1500,2859,
abul10163,OK,800,800,2976,
abul10164,OK,575,575,2930,
abul10165,OK,700,700,2889,
abul10166,OK,525,525,2829,
abul10167,OK,800,800,2895,
abul10168,OK,1250,1250,2931,
abul10169,OK,1000,1000,2974,
abul10170,OK,650,650,2918,
abul10171,OK,1250,1250,2448,
abul10172,OK,575,575,2802,
abul10173,OK,575,575,2921,
abul10174,OK,550,550,2909,
abul10175,OK,1500,1500,2949,
abul10176,OK,1250,1250,2895,
abul10177,OK,1500,1500,2937,
abul10178,OK,550,550,2949,
abul10179,OK,1500,1500,2863,
abul10180,OK,1250,1250,2910,
abul10181,OK,800,800,2959,
abul10182,OK,525,525,3008,
abul10183,OK,1500,1500,2919,
abul10184,OK,550,550,2873,
abul10185,OK,800,800,2904,
abul10186,OK,650,650,2869,
abul10187,OK,525,525,2858,
abul10188,OK,550,550,2843,
abul10189,OK,575,575,2842,
abul10190,OK,650,650,2893,
abul10191,OK,1500,1500,3418,
abul10192,OK,1250,1250,2932,
abul10193,OK,700,700,2845,
abul10194,OK,600,600,2936,
abul10195,OK,1000,1000,2926,
abul10196,OK,525,525,2905,
abul10197,OK,550,550,2914,
abul10198,OK,1250,1250,2862,
abul10199,OK,1250,1250,2871,
abul10200,OK,800,800,2946,
abul10201,OK,575,575,2908,
abul10202,OK,525,525,2819,
abul10203,OK,550,550,2491,
abul10204,OK,1000,1000,2880,
abul10205,OK,550,550,2896,
abul10206,OK,600,600,2834,
abul10207,OK,525,525,2798,
abul10208,OK,1500,1500,2912,
abul10209,OK,575,575,2839,
abul10210,OK,600,600,2965,
abul10211,OK,1000,1000,3352,
abul10212,OK,650,650,2442,
abul10213,OK,510,510,2931,
abul10214,OK,510,510,2405,
abul10215,OK,1250,1250,3479,
abul10216,OK,525,525,2944,
abul10217,OK,650,650,2923,
abul10218,OK,1500,1500,2948,
abul10219,OK,575,575,2922,
abul10220,OK,1250,1250,2949,
abul10221,OK,510,510,3033,
abul10222,OK,1500,1500,2896,
abul10223,OK,550,550,3520,
abul10224,OK,600,600,2867,
abul10225,OK,650,650,3012,
abul10226,OK,575,575,2435,
abul10227,OK,600,600,2898,
abul10228,OK,1000,1000,2933,
abul10229,OK,550,550,2947,
abul10230,OK,1000,1000,3101,
abul10231,OK,1250,1250,2858,
abul10232,OK,525,525,2883,
abul10233,OK,800,800,2987,
abul10234,OK,650,650,2897,
abul10235,OK,550,550,2919,
abul10236,OK,525,525,2825,
abul10237,OK,1500,1500,3169,
abul10238,OK,525,525,2904,
abul10239,OK,1000,1000,3385,
abul10240,OK,650,650,2820,
abul10241,OK,575,575,2982,
abul10242,OK,1000,1000,2465,
abul10243,OK,550,550,2839,
abul10244,OK,700,700,2926,
abul10245,OK,1500,1500,2913,
abul10246,OK,1000,1000,2848,
abul10247,OK,1250,1250,2930,
abul10248,OK,800,800,2986,
abul10249,OK,650,650,2883,
abul10250,OK,510,510,3447,
abul10251,OK,650,650,2839,
abul10252,OK,1250,1250,2860,
abul10253,OK,575,575,2968,
abul10254,OK,525,525,2848,
abul10255,OK,1500,1500,2954,
abul10256,OK,525,525,2926,
abul10257,OK,510,510,2939,
abul10258,OK,800,800,3073,
abul10259,OK,525,525,2931,
abul10260,OK,750,750,3438,
abul10261,OK,1250,1250,2856,
abul10262,OK,1000,1000,2959,
abul10263,OK,575,575,2910,
abul10264,OK,1000,1000,2951,
abul10265,OK,510,510,2939,
abul10266,OK,1250,1250,2882,
abul10267,OK,1500,1500,2975,
abul10268,OK,800,800,2858,
abul10269,OK,550,550,2961,
abul10270,OK,550,550,2847,
abul10271,OK,550,550,2869,
abul10272,OK,1000,1000,2924,
abul10273,OK,1250,1250,2954,
abul10274,OK,550,550,2881,
abul10275,OK,650,650,2888,
abul10276,OK,700,700,2936,
abul10277,OK,800,800,2381,
abul10278,OK,1000,1000,2912,
abul10279,OK,510,510,2940,
abul10280,OK,750,750,2958,
abul10281,OK,510,510,2851,
abul10282,OK,800,800,2846,
abul10283,OK,1250,1250,3000,
abul10284,OK,600,600,3537,
abul10285,OK,575,575,2939,
abul10286,OK,510,510,2887,
abul10287,OK,1250,1250,2847,
abul10288,OK,700,700,2904,
abul10289,OK,600,600,2875,
abul10290,OK,550,550,2912,
abul10291,OK,800,800,2919,
abul10292,OK,1250,1250,2914,
abul10293,OK,750,750,2898,
abul10294,OK,1000,1000,2834,
abul10295,OK,525,525,3032,
abul10296,OK,1500,1500,2942,
abul10297,OK,1500,1500,2944,
abul10298,OK,575,575,2882,
abul10299,OK,600,600,3241,
abul10300,OK,750,750,2870,
abul10301,OK,575,575,2954,
abul10302,OK,800,800,2922,
abul10303,OK,510,510,2887,
abul10304,OK,550,550,2939,
abul10305,OK,700,700,2844,
abul10306,OK,800,800,2944,
abul10307,OK,650,650,2924,
abul10308,OK,800,800,2940,
abul10309,OK,600,600,2928,
abul10310,OK,1500,1500,2962,
abul10311,OK,575,575,2809,
abul10312,OK,650,650,2960,
abul10313,OK,600,600,2800,
abul10314,OK,700,700,2941,
abul10315,OK,525,525,2967,
abul10316,OK,1500,1500,2923,
abul10317,OK,575,575,2917,
abul10318,OK,700,700,2954,
abul10319,OK,575,575,2950,
abul10320,OK,650,650,3031,
abul10321,OK,800,800,3053,
abul10322,OK,1500,1500,2905,
abul10323,OK,525,525,2864,
abul10324,OK,1000,1000,3366,
abul10325,OK,1500,1500,2969,
abul10326,OK,575,575,2826,
abul10327,OK,575,575,2951,
abul10328,OK,1500,1500,2974,
abul10329,OK,525,525,2846,
abul10330,OK,600,600,3045,
abul10331,OK,575,575,2785,
abul10332,OK,1250,1250,2913,
abul10333,OK,1000,1000,2864,
abul10334,OK,1500,1500,2904,
abul10335,OK,1500,1500,2901,
abul10336,OK,1250,1250,2967,
abul10337,OK,550,550,2915,
abul10338,OK,525,525,2975,
abul10339,OK,575,575,2943,
abul10340,OK,575,575,2906,
abul10341,OK,750,750,2944,
abul10342,OK,800,800,2919,
abul10343,OK,1500,1500,2985,
abul10344,OK,650,650,2889,
abul10345,OK,650,650,2945,
abul10346,OK,1250,1250,2897,
abul10347,OK,1250,1250,2821,
abul10348,OK,750,750,2933,
abul10349,OK,600,600,2880,
abul10350,OK,800,800,2944,
abul10351,OK,1250,1250,2959,
abul10352,OK,650,650,2940,
abul10353,OK,750,750,2928,
abul10354,OK,550,550,2895,
abul10355,OK,750,750,2865,
abul10356,OK,525,525,2917,
abul10357,OK,650,650,2988,
abul10358,OK,1000,1000,2856,
abul10359,OK,650,650,2881,
abul10360,OK,800,800,2903,
abul10361,OK,600,600,2939,
abul10362,OK,575,575,2933,
abul10363,OK,750,750,2993,
abul10364,OK,750,750,2980,
abul10365,OK,550,550,2863,
abul10366,OK,550,550,2879,
abul10367,OK,800,800,2942,
abul10368,OK,800,800,2875,
abul10369,OK,800,800,2880,
abul10370,OK,575,575,2961,
abul10371,OK,575,575,2866,
abul10372,OK,650,650,2915,
abul10373,OK,550,550,2898,
abul10374,OK,575,575,2888,
abul10375,OK,1500,1500,3046,
abul10376,OK,650,650,2896,
abul10377,OK,750,750,2929,
abul10378,OK,525,525,2852,
abul10379,OK,525,525,2958,
abul10380,OK,1250,1250,2921,
abul10381,OK,600,600,2931,
abul10382,OK,510,510,2943,
abul10383,OK,550,550,2912,
abul10384,OK,800,800,2909,
abul10385,OK,510,510,2971,
abul10386,OK,1500,1500,2883,
abul10387,OK,600,600,2939,
abul10388,OK,550,550,2815,
abul10389,OK,525,525,2615,
abul10390,OK,1500,1500,2995,
abul10391,OK,1000,1000,2978,
abul10392,OK,650,650,2922,
abul10393,OK,1250,1250,2898,
abul10394,OK,575,575,3029,
abul10395,OK,1000,1000,3164,
abul10396,OK,1500,1500,2462,
abul10397,OK,700,700,2440,
abul10398,OK,800,800,2884,
abul10399,OK,1000,1000,2896,
abul10400,OK,700,700,2884,
abul10401,OK,1500,1500,2949,
abul10402,OK,1500,1500,3285,
abul10403,OK,600,600,2993,
abul10404,OK,1500,1500,3436,
abul10405,OK,550,550,2993,
abul10406,OK,525,525,2945,
abul10407,OK,1500,1500,2936,
abul10408,OK,575,575,2817,
abul10409,OK,800,800,2864,
abul10410,OK,650,650,2968,
abul10411,OK,650,650,2808,
abul10412,OK,750,750,2830,
abul10413,OK,575,575,3440,
abul10414,OK,650,650,2836,
abul10415,OK,600,600,2920,
abul10416,OK,510,510,2901,
abul10417,OK,750,750,2912,
abul10418,OK,550,550,2914,
abul10419,OK,1250,1250,3001,
abul10420,OK,1500,1500,2946,
abul10421,OK,600,600,2863,
abul10422,OK,575,575,2892,
abul10423,OK,510,510,3015,
abul10424,OK,510,510,2929,
abul10425,OK,750,750,2961,
abul10426,OK,1000,1000,2961,
abul10427,OK,1500,1500,2824,
abul10428,OK,1500,1500,2973,
abul10429,OK,510,510,2916,
abul10430,OK,510,510,3072,
abul10431,OK,525,525,2940,
abul10432,OK,525,525,2950,
abul10433,OK,1500,1500,3005,
abul10434,OK,575,575,2909,
abul10435,OK,800,800,2925,
abul10436,OK,800,800,2919,
abul10437,OK,600,600,2942,
abul10438,OK,700,700,3165,
abul10439,OK,700,700,2995,
abul10440,OK,510,510,2913,
abul10441,OK,550,550,2953,
abul10442,OK,1000,1000,2928,
abul10443,OK,510,510,2855,
abul10444,OK,1000,1000,2928,
abul10445,OK,550,550,2865,
abul10446,OK,1500,1500,2931,
abul10447,OK,1500,1500,2527,
abul10448,OK,750,750,3024,
abul10449,OK,1000,1000,2932,
abul10450,OK,700,700,2461,
abul10451,OK,600,600,2952,
abul10452,OK,800,800,2860,
abul10453,OK,800,800,2839,
abul10454,OK,1250,1250,2897,
abul10455,OK,800,800,2779,
abul10456,OK,1000,1000,2955,
abul10457,OK,525,525,3054,
abul10458,OK,1500,1500,2824,
abul10459,OK,510,510,2939,
abul10460,OK,600,600,2828,
abul10461,OK,1000,1000,3061,
abul10462,OK,750,750,2872,
abul10463,OK,510,510,3361,
abul10464,OK,650,650,2867,
abul10465,OK,525,525,3008,
abul10466,OK,650,650,2930,
abul10467,OK,650,650,3041,
abul10468,OK,525,525,2993,
abul10469,OK,575,575,2479,
abul10470,OK,575,575,2892,
abul10471,OK,750,750,2963,
abul10472,OK,800,800,2948,
abul10473,OK,750,750,2870,
abul10474,OK,650,650,3474,
abul10475,OK,600,600,2823,
abul10476,OK,800,800,2998,
abul10477,OK,750,750,2944,
abul10478,OK,510,510,2935,
abul10479,OK,575,575,2861,
abul10480,OK,650,650,2935,
abul10481,OK,510,510,2979,
abul10482,OK,800,800,2936,
abul10483,OK,700,700,2906,
abul10484,OK,800,800,2868,
abul10485,OK,800,800,2922,
abul10486,OK,1000,1000,2878,
abul10487,OK,1000,1000,2888,
abul10488,OK,700,700,2845,
abul10489,OK,650,650,2963,
abul10490,OK,650,650,3045,
abul10491,OK,575,575,2814,
abul10492,OK,700,700,2875,
abul10493,OK,510,510,2871,
abul10494,OK,575,575,2904,
abul10495,OK,1500,1500,3097,
abul10496,OK,750,750,2986,
abul10497,OK,750,750,2896,
abul10498,OK,510,510,2909,
abul10499,OK,700,700,2952,
abul10500,OK,600,600,2931,
abul10501,OK,575,575,2982,
abul10502,OK,550,550,2969,
abul10503,OK,550,550,3070,
abul10504,OK,575,575,2928,
abul10505,OK,650,650,2897,
abul10506,OK,800,800,2897,
abul10507,OK,550,550,2972,
abul10508,OK,700,700,3005,
abul10509,OK,575,575,2994,
abul10510,OK,800,800,3020,
abul10511,OK,1000,1000,2872,
abul10512,OK,750,750,2975,
abul10513,OK,750,750,2988,
abul10514,OK,1250,1250,2898,
abul10515,OK,575,575,2937,
abul10516,OK,700,700,3025,
abul10517,OK,510,510,2906,
abul10518,OK,600,600,2984,
abul10519,OK,800,800,3049,
abul10520,OK,550,550,2913,
abul10521,OK,510,510,2803,
abul10522,OK,525,525,2812,
abul10523,OK,510,510,2959,
abul10524,OK,1000,1000,2975,
abul10525,OK,550,550,2921,
abul10526,OK,750,750,2887,
abul10527,OK,800,800,2905,
abul10528,OK,750,750,2891,
abul10529,OK,575,575,2958,
abul10530,OK,510,510,2794,
abul10531,OK,525,525,2910,
abul10532,OK,525,525,3011,
abul10533,OK,800,800,2939,
abul10534,OK,575,575,2968,
abul10535,OK,750,750,2813,
abul10536,OK,550,550,2861,
abul10537,OK,750,750,3011,
abul10538,OK,525,525,2881,
abul10539,OK,650,650,2972,
abul10540,OK,525,525,3000,
abul10541,OK,575,575,3246,
abul10542,OK,750,750,3020,
abul10543,OK,1250,1250,2876,
abul10544,OK,700,700,2957,
abul10545,OK,525,525,3013,
abul10546,OK,750,750,2889,
abul10547,OK,1500,1500,2920,
abul10548,OK,550,550,2948,
abul10549,OK,525,525,2986,
abul10550,OK,700,700,2928,
abul10551,OK,750,750,2989,
abul10552,OK,550,550,2889,
abul10553,OK,525,525,2884,
abul10554,OK,700,700,2879,
abul10556,OK,800,800,2905,
abul10557,OK,800,800,2952,
abul10558,OK,1000,1000,2864,
abul10559,OK,575,575,3069,
abul10560,OK,800,800,2966,
abul10561,OK,510,510,2999,
abul10562,OK,750,750,2906,
abul10563,OK,700,700,2989,
abul10564,OK,600,600,2819,
abul10565,OK,600,600,2920,
abul10566,OK,525,525,2916,
abul10567,OK,1250,1250,2918,
abul10568,OK,550,550,2845,
abul10569,OK,1500,1500,2499,
abul10571,OK,1000,1000,2838,
abul10572,OK,550,550,2941,
abul10573,OK,525,525,2930,
abul10574,OK,700,700,2973,
abul10575,OK,1250,1250,2997,
abul10576,OK,650,650,2850,
abul10577,OK,1500,1500,2862,
abul10578,OK,750,750,2895,
abul10579,OK,650,650,2887,
abul10580,OK,575,575,2980,
abul10581,OK,575,575,2899,
abul10582,OK,650,650,2907,
abul10583,OK,800,800,3118,
abul10584,OK,600,600,2951,
abul10585,OK,650,650,2908,
abul10586,OK,575,575,2828,
abul10587,OK,700,700,2929,
abul10588,OK,650,650,3073,
abul10589,OK,1000,1000,2868,
abul10590,OK,800,800,2890,
abul10591,OK,800,800,2906,
abul10592,OK,600,600,2934,
abul10593,OK,550,550,2955,
abul10594,OK,1250,1250,2895,
abul10595,OK,510,510,2942,
abul10596,OK,600,600,2922,
abul10597,OK,750,750,2962,
abul10598,OK,700,700,2854,
abul10599,OK,1000,1000,2942,
abul10600,OK,800,800,2915,
abul10601,OK,800,800,2908,
abul10602,OK,700,700,2927,
abul10603,OK,700,700,3643,
abul10604,OK,750,750,3572,
abul10605,OK,550,550,3325,
abul10606,OK,510,510,3691,
abul10607,OK,1000,1000,3581,
abul10608,OK,750,750,3831,
abul10609,OK,1500,1500,3680,
abul10610,OK,700,700,3122,
abul10611,OK,1250,1250,3353,
abul10612,OK,800,800,2936,
abul10613,OK,1000,1000,3575,
abul10614,OK,750,750,3612,
abul10615,OK,1250,1250,3526,
abul10616,OK,1000,1000,3549,
abul10617,OK,800,800,2941,
abul10618,OK,650,650,2846,
abul10619,OK,1250,1250,2928,
abul10620,OK,510,510,2889,
abul10621,OK,600,600,3343,
abul10622,OK,1250,1250,3291,
abul10623,OK,525,525,3105,
abul10624,OK,575,575,2885,
abul10625,OK,575,575,3001,
abul10626,OK,650,650,2980,
abul10627,OK,800,800,3061,
abul10628,OK,525,525,2947,
abul10629,OK,700,700,3026,
abul10630,OK,510,510,3023,
abul10631,OK,525,525,3069,
abul10632,OK,1500,1500,2959,
abul10633,OK,600,600,2840,
abul10634,OK,575,575,2921,
abul10635,OK,1000,1000,2964,
abul10636,OK,1250,1250,2866,
abul10637,OK,650,650,2892,
abul10638,OK,600,600,3305,
abul10639,OK,1000,1000,3065,
abul10640,OK,750,750,2853,
abul10641,OK,1500,1500,2900,
abul10642,OK,800,800,3371,
abul10643,OK,1250,1250,2888,
abul10644,OK,600,600,2940,
abul10645,OK,800,800,2838,
abul10646,OK,1000,1000,2429,
abul10647,OK,1500,1500,2838,
abul10648,OK,650,650,2980,
abul10649,OK,550,550,2927,
abul10650,OK,800,800,2823,
abul10651,OK,700,700,2976,
abul10652,OK,600,600,2859,
abul10653,OK,1000,1000,2942,
abul10654,OK,575,575,3000,
abul10655,OK,525,525,2937,
abul10656,OK,1000,1000,2934,
abul10657,OK,800,800,2936,
abul10658,OK,1500,1500,2961,
abul10659,OK,1250,1250,2969,
abul10660,OK,550,550,2971,
abul10661,OK,700,700,2794,
abul10662,OK,1250,1250,2876,
abul10663,OK,1500,1500,2947,
abul10664,OK,800,800,2941,
abul10665,OK,510,510,2958,
abul10666,OK,800,800,2892,
abul10667,OK,800,800,2868,
abul10668,OK,600,600,2911,
abul10669,OK,1000,1000,2946,
abul10670,OK,600,600,2820,
abul10671,OK,650,650,2963,
abul10672,OK,550,550,2947,
abul10673,OK,1250,1250,2925,
abul10674,OK,600,600,2930,
abul10675,OK,1000,1000,2933,
abul10676,OK,700,700,2889,
abul10677,OK,1000,1000,2978,
abul10678,OK,600,600,2869,
abul10679,OK,1000,1000,3000,
abul10680,OK,650,650,2920,
abul10681,OK,1500,1500,2945,
abul10682,OK,1500,1500,2943,
abul10683,OK,800,800,2911,
abul10684,OK,510,510,2861,
abul10685,OK,750,750,2952,
abul10686,OK,750,750,2949,
abul10687,OK,700,700,3394,
abul10688,OK,650,650,2895,
abul10689,OK,650,650,2894,
abul10690,OK,510,510,3133,
abul10691,OK,1000,1000,2914,
abul10692,OK,510,510,2960,
abul10693,OK,1250,1250,2835,
abul10694,OK,550,550,2961,
abul10695,OK,1000,1000,2897,
abul10696,OK,1500,1500,2825,
abul10697,OK,800,800,2879,
abul10698,OK,575,575,2898,
abul10699,OK,600,600,2972,
abul10700,OK,600,600,2992,
abul10701,OK,700,700,2850,
abul10702,OK,550,550,2908,
abul10703,OK,1000,1000,2922,
abul10704,OK,1500,1500,2933,
abul10705,OK,575,575,2861,
abul10706,OK,800,800,2983,
abul10707,OK,750,750,2892,
abul10708,OK,1000,1000,2767,
abul10709,OK,525,525,2934,
abul10710,OK,700,700,2953,
abul10711,OK,575,575,2791,
abul10712,OK,575,575,2793,
abul10713,OK,550,550,2871,
abul10714,OK,550,550,2933,
abul10715,OK,800,800,2958,
abul10716,OK,800,800,2783,
abul10717,OK,1500,1500,2917,
abul10718,OK,1250,1250,2823,
abul10719,OK,525,525,2873,
abul10720,OK,600,600,2903,
abul10721,OK,510,510,2895,
abul10722,OK,600,600,3321,
abul10723,OK,1000,1000,3022,
abul10724,OK,1250,1250,2961,
abul10725,OK,1000,1000,2987,
abul10726,OK,800,800,3118,
abul10727,OK,800,800,2897,
abul10729,OK,750,750,2909,
abul10730,OK,575,575,2895,
abul10731,OK,650,650,3003,
abul10732,OK,575,575,3005,
abul10733,OK,650,650,2888,
abul10734,OK,550,550,2855,
abul10735,OK,700,700,2797,
abul10736,OK,750,750,2959,
abul10737,OK,1000,1000,3039,
abul10738,OK,800,800,2921,
abul10739,OK,600,600,2874,
abul10740,OK,1000,1000,2921,
abul10741,OK,700,700,2923,
abul10742,OK,600,600,2984,
abul10743,OK,1250,1250,2895,
abul10744,OK,700,700,2849,
abul10745,OK,510,510,2856,
abul10746,OK,575,575,2957,
abul10747,OK,600,600,3256,
abul10748,OK,1000,1000,2947,
abul10750,OK,525,525,2821,
abul10751,OK,800,800,3000,
abul10752,OK,1250,1250,2850,
abul10753,OK,600,600,2887,
abul10754,OK,1000,1000,2832,
abul10755,OK,510,510,2446,
abul10756,OK,1250,1250,2911,
abul10757,OK,550,550,2836,
abul10758,OK,700,700,2884,
abul10759,OK,800,800,2799,
abul10760,OK,650,650,2947,
abul10761,OK,525,525,2955,
abul10762,OK,800,800,2919,
abul10763,OK,510,510,2944,
abul10764,OK,750,750,2919,
abul10765,OK,1500,1500,3003,
abul10766,OK,550,550,2960,
abul10767,OK,700,700,2912,
abul10768,OK,650,650,2921,
abul10769,OK,525,525,2891,
abul10770,OK,600,600,2950,
abul10771,OK,525,525,2906,
abul10772,OK,575,575,2862,
abul10773,OK,800,800,2907,
abul10774,OK,575,575,2810,
abul10775,OK,800,800,2892,
abul10776,OK,800,800,2893,
abul10777,OK,700,700,2854,
abul10778,OK,510,510,2975,
abul10779,OK,700,700,2904,
abul10780,OK,510,510,2894,
abul10781,OK,1000,1000,2949,
abul10782,OK,800,800,3023,
abul10783,OK,575,575,2845,
abul10784,OK,575,575,2882,
abul10785,OK,800,800,2879,
abul10786,OK,1500,1500,2940,
abul10787,OK,750,750,2847,
abul10788,OK,650,650,3398,
abul10789,OK,1500,1500,2875,
abul10790,OK,1250,1250,2933,
abul10791,OK,750,750,2979,
abul10792,OK,600,600,2932,
abul10793,OK,1500,1500,2788,
abul10794,OK,1000,1000,3009,
abul10795,OK,700,700,2900,
abul10796,OK,1250,1250,2921,
abul10797,OK,650,650,2837,
abul10798,OK,600,600,2966,
abul10799,OK,800,800,2889,
abul10800,OK,1250,1250,2984,
abul10801,OK,700,700,2931,
abul10802,OK,1000,1000,2888,
abul10803,OK,1000,1000,2868,
abul10804,OK,800,800,2955,
abul10805,OK,700,700,2870,
abul10806,OK,700,700,2918,
abul10807,OK,1000,1000,2976,
abul10808,OK,650,650,2930,
abul10809,OK,510,510,2906,
abul10810,OK,550,550,2989,
abul10811,OK,1500,1500,2805,
abul10812,OK,800,800,2862,
abul10813,OK,650,650,2981,
abul10814,OK,600,600,3044,
abul10815,OK,700,700,2945,
abul10816,OK,1250,1250,2962,
abul10817,OK,750,750,2854,
abul10818,OK,600,600,2992,
abul10819,OK,510,510,2906,
abul10820,OK,550,550,2902,
abul10821,OK,1250,1250,2901,
abul10822,OK,1500,1500,2904,
abul10823,OK,550,550,2922,
abul10824,OK,1250,1250,2933,
abul10825,OK,600,600,2929,
abul10826,OK,700,700,2878,
abul10827,OK,700,700,2858,
abul10828,OK,575,575,2808,
abul10829,OK,1000,1000,2894,
abul10830,OK,1250,1250,2949,
abul10831,OK,525,525,3002,
abul10832,OK,700,700,2902,
abul10833,OK,1000,1000,2917,
abul10834,OK,800,800,2862,
abul10835,OK,525,525,2895,
abul10836,OK,1250,1250,2926,
abul10837,OK,1250,1250,2993,
abul10838,OK,525,525,2869,
abul10839,OK,600,600,2782,
abul10840,OK,1000,1000,2902,
abul10841,OK,600,600,2878,
abul10842,OK,750,750,3316,
abul10843,OK,1500,1500,2910,
abul10844,OK,525,525,2967,
abul10845,OK,700,700,2936,
abul10846,OK,1250,1250,2882,
abul10847,OK,650,650,2958,
abul10848,OK,525,525,2899,
abul10849,OK,510,510,2889,
abul10850,OK,1000,1000,2955,
abul10851,OK,600,600,2952,
abul10852,OK,525,525,2459,
abul10853,OK,510,510,2918,
abul10855,OK,650,650,2981,
abul10856,OK,550,550,2966,
abul10857,OK,650,650,2917,
abul10858,OK,550,550,2878,
abul10859,OK,800,800,2888,
abul10860,OK,1000,1000,2873,
abul10861,OK,1500,1500,2921,
abul10862,OK,800,800,2947,
abul10863,OK,700,700,2969,
abul10864,OK,1250,1250,2926,
abul10865,OK,525,525,2862,
abul10866,OK,510,510,2970,
abul10867,OK,1250,1250,2978,
abul10868,OK,600,600,2824,
abul10869,OK,550,550,2917,
abul10870,OK,750,750,2974,
abul10871,OK,1500,1500,2802,
abul10872,OK,525,525,2971,
abul10873,OK,650,650,2817,
abul10874,OK,800,800,2892,
abul10875,OK,1500,1500,2939,
abul10876,OK,650,650,2912,
abul10877,OK,650,650,2959,
abul10878,OK,510,510,2903,
abul10879,OK,700,700,2994,
abul10880,OK,550,550,2937,
abul10881,OK,1500,1500,2868,
abul10882,OK,1000,1000,2911,
abul10883,OK,525,525,2921,
abul10884,OK,1000,1000,2911,
abul10885,OK,550,550,2891,
abul10886,OK,1250,1250,2944,
abul10887,OK,700,700,2927,
abul10888,OK,600,600,2894,
abul10889,OK,700,700,2981,
abul10890,OK,550,550,2934,
abul10891,OK,1250,1250,2827,
abul10892,OK,1500,1500,2951,
abul10893,OK,510,510,2876,
abul10894,OK,575,575,2987,
abul10895,OK,575,575,2892,
abul10896,OK,525,525,2839,
abul10897,OK,1500,1500,3003,
abul10898,OK,700,700,2925,
abul10899,OK,575,575,2955,
abul10900,OK,575,575,2942,
abul10901,OK,575,575,2915,
abul10902,OK,1000,1000,2949,
abul10903,OK,650,650,2868,
abul10904,OK,1000,1000,2955,
abul10905,OK,525,525,2939,
abul10906,OK,550,550,2940,
abul10907,OK,510,510,2910,
abul10908,OK,1250,1250,2905,
abul10909,OK,525,525,2881,
abul10910,OK,550,550,2858,
abul10911,OK,750,750,2909,
abul10912,OK,750,750,2829,
abul10913,OK,800,800,2864,
abul10914,OK,650,650,2781,
abul10915,OK,550,550,2775,
abul10916,OK,510,510,2876,
abul10917,OK,600,600,3105,
abul10918,OK,750,750,2474,
abul10919,OK,525,525,2998,
abul10920,OK,800,800,2977,
abul10921,OK,800,800,2938,
abul10922,OK,700,700,2842,
abul10923,OK,700,700,2908,
abul10924,OK,700,700,2976,
abul10925,OK,650,650,2932,
abul10926,OK,550,550,2931,
abul10927,OK,575,575,2841,
abul10928,OK,550,550,2932,
abul10929,OK,550,550,2834,
abul10930,OK,1250,1250,2818,
abul10931,OK,1000,1000,2935,
abul10932,OK,1000,1000,2893,
abul10933,OK,600,600,2877,
abul10934,OK,550,550,2851,
abul10935,OK,800,800,2862,
abul10936,OK,650,650,2941,
abul10937,OK,1000,1000,2917,
abul10938,OK,1250,1250,2948,
abul10939,OK,1000,1000,2490,
abul10940,OK,575,575,2973,
abul10941,OK,1250,1250,2891,
abul10942,OK,510,510,2835,
abul10943,OK,550,550,2927,
abul10944,OK,1500,1500,2884,
abul10945,OK,525,525,2858,
abul10946,OK,510,510,2804,
abul10947,OK,750,750,2931,
abul10948,OK,1000,1000,2865,
abul10949,OK,1250,1250,2888,
abul10950,OK,750,750,2845,
abul10951,OK,575,575,2958,
abul10952,OK,510,510,3430,
abul10953,OK,800,800,2906,
abul10954,OK,1500,1500,2867,
abul10955,OK,750,750,2895,
abul10956,OK,650,650,2919,
abul10957,OK,1000,1000,2914,
abul10958,OK,1500,1500,2855,
abul10959,OK,800,800,2891,
abul10960,OK,1000,1000,2958,
abul10961,OK,1250,1250,2866,
abul10962,OK,1250,1250,2962,
abul10963,OK,550,550,2867,
abul10964,OK,650,650,2901,
abul10965,OK,650,650,2913,
abul10966,OK,1250,1250,2874,
abul10967,OK,600,600,2878,
abul10968,OK,550,550,2806,
abul10969,OK,1500,1500,2925,
abul10970,OK,550,550,2934,
abul10971,OK,1000,1000,2918,
abul10972,OK,525,525,2943,
abul10973,OK,700,700,2775,
abul10974,OK,1000,1000,2905,
abul10975,OK,750,750,2910,
abul10976,OK,1500,1500,2835,
abul10977,OK,600,600,2897,
abul10978,OK,600,600,2867,
abul10979,OK,750,750,2957,
abul10980,OK,650,650,2987,
abul10981,OK,575,575,2957,
abul10982,OK,600,600,2896,
abul10983,OK,650,650,2851,
abul10984,OK,1500,1500,2953,
abul10985,OK,1500,1500,2849,
abul10986,OK,510,510,2958,
abul10987,OK,700,700,2918,
abul10988,OK,650,650,2911,
abul10989,OK,700,700,2836,
abul10990,OK,700,700,2883,
abul10991,OK,800,800,2908,
abul10992,OK,750,750,2890,
abul10993,OK,700,700,2865,
abul10994,OK,750,750,2969,
abul10995,OK,650,650,2812,
abul10996,OK,750,750,2948,
abul10997,OK,1000,1000,2943,
abul10998,OK,525,525,2882,
abul10999,OK,1000,1000,2870,
abul11000,OK,700,700,2912,
abul8000,OK,510,510,3618,
abul8001,OK,600,600,4073,
abul8002,OK,600,600,3230,
abul8003,OK,1500,1500,3256,
abul8004,OK,750,750,3057,
abul8005,OK,1000,1000,3829,
abul8006,OK,1500,1500,3172,
abul8007,OK,550,550,3954,
abul8008,OK,510,510,3899,
abul8009,OK,800,800,3997,
abul8010,OK,650,650,3788,
abul8011,OK,1500,1500,4055,
abul8012,OK,750,750,3183,
abul8013,OK,1000,1000,3362,
abul8014,OK,510,510,3251,
abul8015,OK,1500,1500,2999,
abul8016,OK,510,510,2965,
abul8017,OK,1250,1250,3233,
abul8018,OK,1250,1250,3849,
abul8019,OK,550,550,3252,
abul8020,OK,1500,1500,3606,
abul8021,OK,1000,1000,3406,
abul8022,OK,550,550,3257,
abul8023,OK,1000,1000,4071,
abul8024,OK,750,750,3583,
abul8025,OK,700,700,3243,
abul8026,OK,800,800,3091,
abul8027,OK,650,650,3706,
abul8028,OK,575,575,3817,
abul8029,OK,1500,1500,3044,
abul8030,OK,550,550,3161,
abul8031,OK,1000,1000,3035,
abul8032,OK,525,525,3517,
abul8033,OK,700,700,3090,
abul8034,OK,575,575,3001,
abul8035,OK,650,650,3322,
abul8036,OK,1250,1250,3249,
abul8037,OK,800,800,3282,
abul8038,OK,1500,1500,3023,
abul8039,OK,510,510,3121,
abul8040,OK,600,600,3194,
abul8041,OK,600,600,3179,
abul8042,OK,700,700,3490,
abul8043,OK,1000,1000,3086,
abul8044,OK,800,800,3333,
abul8045,OK,525,525,2992,
abul8046,OK,1250,1250,2947,
abul8047,OK,525,525,3703,
abul8048,OK,510,510,3067,
abul8049,OK,575,575,3693,
abul8050,OK,750,750,3202,
abul8051,OK,1500,1500,3218,
abul8052,OK,1000,1000,3214,
abul8053,OK,1250,1250,3160,
abul8054,OK,650,650,3235,
abul8055,OK,525,525,3232,
abul8056,OK,800,800,3293,
abul8057,OK,800,800,2969,
abul8058,OK,800,800,2974,
abul8059,OK,800,800,3254,
abul8060,OK,1250,1250,3273,
abul8061,OK,750,750,3183,
abul8062,OK,575,575,3050,
abul8063,OK,1000,1000,3242,
abul8064,OK,700,700,3224,
abul8065,OK,575,575,3197,
abul8066,OK,800,800,3015,
abul8067,OK,550,550,3046,
abul8068,OK,510,510,3181,
abul8069,OK,1000,1000,3547,
abul8070,OK,525,525,3321,
abul8071,OK,750,750,3202,
abul8072,OK,510,510,3029,
abul8073,OK,525,525,3126,
abul8074,OK,575,575,3033,
abul8075,OK,800,800,3014,
abul8076,OK,650,650,3089,
abul8077,OK,550,550,3078,
abul8078,OK,800,800,3234,
abul8079,OK,550,550,3253,
abul8080,OK,1250,1250,3028,
abul8081,OK,575,575,3054,
abul8082,OK,575,575,3255,
abul8083,OK,700,700,3269,
abul8084,OK,525,525,3261,
abul8085,OK,650,650,3257,
abul8086,OK,550,550,3120,
abul8087,OK,525,525,3231,
abul8088,OK,800,800,3179,
abul8089,OK,650,650,3258,
abul8090,OK,800,800,3035,
abul8091,OK,575,575,2887,
abul8092,OK,550,550,3155,
abul8093,OK,1000,1000,3267,
abul8094,OK,525,525,3110,
abul8095,OK,1250,1250,3261,
abul8096,OK,750,750,3206,
abul8097,OK,600,600,3215,
abul8098,OK,1250,1250,2994,
abul8099,OK,525,525,3099,
abul8100,OK,650,650,3113,
abul8101,OK,800,800,3158,
abul8102,OK,1500,1500,3206,
abul8103,OK,650,650,3129,
abul8104,OK,550,550,3202,
abul8105,OK,1250,1250,2945,
abul8106,OK,510,510,3199,
abul8107,OK,1500,1500,2992,
abul8108,OK,800,800,3052,
abul8109,OK,750,750,3002,
abul8110,OK,750,750,3201,
abul8111,OK,800,800,3272,
abul8112,OK,1000,1000,3270,
abul8113,OK,1000,1000,3216,
abul8114,OK,650,650,3138,
abul8115,OK,650,650,3030,
abul8116,OK,1500,1500,3272,
abul8117,OK,650,650,3282,
abul8118,OK,700,700,3014,
abul8119,OK,1500,1500,3223,
abul8120,OK,700,700,3074,
abul8121,OK,550,550,3254,
abul8122,OK,700,700,3132,
abul8123,OK,700,700,3208,
abul8124,OK,510,510,3195,
abul8125,OK,800,800,3326,
abul8126,OK,525,525,3101,
abul8127,OK,575,575,3030,
abul8128,OK,1500,1500,3228,
abul8129,OK,525,525,3163,
abul8130,OK,575,575,3235,
abul8131,OK,600,600,3145,
abul8132,OK,650,650,3240,
abul8133,OK,575,575,2995,
abul8134,OK,1250,1250,3217,
abul8135,OK,1250,1250,3026,
abul8136,OK,1250,1250,3298,
abul8137,OK,575,575,3089,
abul8138,OK,1250,1250,3221,
abul8139,OK,800,800,3070,
abul8140,OK,650,650,3227,
abul8141,OK,650,650,3241,
abul8142,OK,1500,1500,3197,
abul8143,OK,650,650,3217,
abul8144,OK,1250,1250,3072,
abul8145,OK,750,750,3257,
abul8146,OK,500,500,3062,
abul8147,OK,500,500,3123,
abul8148,OK,1500,1500,3293,
abul8149,OK,800,800,3019,
abul8150,OK,700,700,3227,
abul8151,OK,1000,1000,3105,
abul8152,OK,800,800,2885,
abul8153,OK,500,500,3033,
abul8154,OK,500,500,3001,
abul8155,OK,500,500,3261,
abul8156,OK,750,750,3266,
abul8157,OK,500,500,3019,
abul8158,OK,500,500,3275,
abul8159,OK,525,525,3026,
abul8160,OK,750,750,3224,
abul8161,OK,650,650,3024,
abul8162,OK,750,750,3304,
abul8163,OK,1500,1500,3163,
abul8164,OK,550,550,3031,
abul8165,OK,800,800,3269,
abul8166,OK,510,510,3263,
abul8167,OK,800,800,3009,
abul8168,OK,1000,1000,3244,
abul8169,OK,700,700,2972,
abul8170,OK,1000,1000,3083,
abul8171,OK,1250,1250,3216,
abul8172,OK,750,750,3062,
abul8173,OK,800,800,3020,
abul8174,OK,700,700,3223,
abul8175,OK,525,525,3241,
abul8176,OK,650,650,3135,
abul8177,OK,1500,1500,3183,
abul8178,OK,1250,1250,3241,
abul8179,OK,1500,1500,3274,
abul8180,OK,750,750,3213,
abul8181,OK,600,600,3134,
abul8182,OK,575,575,3294,
abul8183,OK,1250,1250,3000,
abul8184,OK,1000,1000,3031,
abul8185,OK,750,750,3202,
abul8186,OK,800,800,3101,
abul8187,OK,600,600,3242,
abul8188,OK,575,575,3123,
abul8189,OK,750,750,3243,
abul8190,OK,800,800,3131,
abul8191,OK,700,700,3207,
abul8192,OK,650,650,2991,
abul8193,OK,800,800,3246,
abul8194,OK,1250,1250,3236,
abul8195,OK,700,700,3083,
abul8196,OK,525,525,3048,
abul8197,OK,1000,1000,3223,
abul8198,OK,525,525,3007,
abul8199,OK,800,800,3168,
abul8200,OK,650,650,3249,
abul8201,OK,575,575,2957,
abul8202,OK,600,600,3053,
abul8203,OK,650,650,3158,
abul8204,OK,575,575,3197,
abul8205,OK,750,750,3037,
abul8206,OK,1000,1000,3266,
abul8207,OK,575,575,3164,
abul8208,OK,1000,1000,3058,
abul8209,OK,1250,1250,3072,
abul8210,OK,700,700,3195,
abul8211,OK,1500,1500,3077,
abul8212,OK,700,700,2962,
abul8213,OK,575,575,3049,
abul8214,OK,525,525,3272,
abul8215,OK,550,550,3051,
abul8216,OK,800,800,3096,
abul8217,OK,1000,1000,3245,
abul8218,OK,550,550,3037,
abul8219,OK,800,800,3058,
abul8220,OK,650,650,3083,
abul8221,OK,1500,1500,3231,
abul8222,OK,700,700,3208,
abul8223,OK,1000,1000,3037,
abul8224,OK,800,800,3272,
abul8225,OK,650,650,3234,
abul8226,OK,600,600,3129,
abul8227,OK,750,750,3240,
abul8228,OK,1000,1000,3074,
abul8229,OK,800,800,3451,
abul8230,OK,750,750,3137,
abul8231,OK,700,700,3301,
abul8232,OK,650,650,3272,
abul8233,OK,1250,1250,3210,
abul8234,OK,575,575,3069,
abul8235,OK,1000,1000,3342,
abul8236,OK,1000,1000,3169,
abul8237,OK,750,750,3227,
abul8238,OK,650,650,3153,
abul8239,OK,700,700,3028,
abul8240,OK,575,575,3036,
abul8241,OK,650,650,2987,
abul8242,OK,500,500,3227,
abul8243,OK,525,525,3231,
abul8244,OK,1500,1500,3142,
abul8245,OK,575,575,3243,
abul8246,OK,800,800,3200,
abul8247,OK,1000,1000,3148,
abul8248,OK,500,500,3024,
abul8249,OK,750,750,3063,
abul8250,OK,700,700,3101,
abul8251,OK,1250,1250,3009,
abul8252,OK,550,550,3249,
abul8253,OK,510,510,3155,
abul8254,OK,750,750,3014,
abul8255,OK,750,750,3212,
abul8256,OK,700,700,2849,
abul8257,OK,650,650,3221,
abul8258,OK,525,525,3180,
abul8259,OK,525,525,3272,
abul8260,OK,700,700,2976,
abul8261,OK,510,510,3192,
abul8262,OK,750,750,3181,
abul8263,OK,1250,1250,3138,
abul8264,OK,550,550,3232,
abul8265,OK,550,550,3148,
abul8266,OK,1000,1000,3178,
abul8267,OK,1250,1250,3264,
abul8268,OK,575,575,3249,
abul8269,OK,510,510,2802,
abul8270,OK,800,800,3244,
abul8271,OK,510,510,3261,
abul8272,OK,650,650,3176,
abul8273,OK,700,700,3131,
abul8274,OK,550,550,3280,
abul8275,OK,575,575,3264,
abul8276,OK,1250,1250,3058,
abul8277,OK,1250,1250,3220,
abul8278,OK,1500,1500,2962,
abul8279,OK,750,750,3168,
abul8280,OK,1000,1000,3167,
abul8281,OK,1250,1250,3247,
abul8282,OK,600,600,3046,
abul8283,OK,750,750,3305,
abul8284,OK,1000,1000,3317,
abul8285,OK,575,575,3224,
abul8286,OK,1500,1500,2964,
abul8287,OK,1250,1250,3163,
abul8288,OK,1250,1250,3212,
abul8289,OK,700,700,3184,
abul8290,OK,650,650,3228,
abul8291,OK,700,700,3287,
abul8292,OK,525,525,2976,
abul8293,OK,600,600,3098,
abul8294,OK,1250,1250,3185,
abul8295,OK,800,800,2880,
abul8296,OK,650,650,3126,
abul8297,OK,575,575,3028,
abul8298,OK,650,650,3021,
abul8299,OK,525,525,3149,
abul8300,OK,1250,1250,3252,
abul8301,OK,1000,1000,2995,
abul8302,OK,700,700,3266,
abul8303,OK,510,510,2998,
abul8304,OK,600,600,3218,
abul8305,OK,550,550,3163,
abul8306,OK,700,700,3230,
abul8307,OK,1250,1250,3293,
abul8308,OK,1500,1500,3242,
abul8309,OK,750,750,3085,
abul8310,OK,550,550,2878,
abul8311,OK,575,575,3203,
abul8312,OK,600,600,3165,
abul8313,OK,650,650,3326,
abul8314,OK,550,550,3235,
abul8315,OK,1500,1500,2892,
abul8316,OK,1500,1500,3360,
abul8317,OK,600,600,2999,
abul8318,OK,1000,1000,3154,
abul8319,OK,1500,1500,3141,
abul8320,OK,550,550,3310,
abul8321,OK,800,800,3274,
abul8322,OK,800,800,3221,
abul8323,OK,525,525,3246,
abul8324,OK,600,600,2887,
abul8325,OK,550,550,3212,
abul8326,OK,550,550,3285,
abul8327,OK,1250,1250,3036,
abul8328,OK,510,510,2975,
abul8329,OK,510,510,3148,
abul8330,OK,550,550,3266,
abul8331,OK,700,700,3287,
abul8332,OK,600,600,3203,
abul8333,OK,700,700,2992,
abul8334,OK,650,650,3326,
abul8335,OK,525,525,3268,
abul8336,OK,510,510,3133,
abul8337,OK,1250,1250,2988,
abul8338,OK,575,575,3221,
abul8339,OK,525,525,3344,
abul8340,OK,525,525,3208,
abul8341,OK,575,575,3009,
abul8342,OK,525,525,2979,
abul8343,OK,1250,1250,3252,
abul8344,OK,575,575,3260,
abul8345,OK,800,800,3043,
abul8346,OK,750,750,3263,
abul8347,OK,1500,1500,3040,
abul8348,OK,550,550,3171,
abul8349,OK,600,600,3291,
abul8350,OK,1000,1000,3278,
abul8351,OK,750,750,2974,
abul8352,OK,575,575,3319,
abul8353,OK,1000,1000,3270,
abul8354,OK,1250,1250,3097,
abul8355,OK,700,700,3279,
abul8356,OK,750,750,3282,
abul8357,OK,525,525,3173,
abul8358,OK,575,575,3257,
abul8359,OK,510,510,3236,
abul8360,OK,1000,1000,2938,
abul8361,OK,525,525,3357,
abul8362,OK,1250,1250,3216,
abul8363,OK,525,525,3195,
abul8364,OK,510,510,3247,
abul8365,OK,650,650,3300,
abul8366,OK,650,650,3007,
abul8367,OK,525,525,3300,
abul8368,OK,575,575,3455,
abul8369,OK,510,510,3426,
abul8370,OK,700,700,3189,
abul8371,OK,700,700,3447,
abul8372,OK,800,800,3249,
abul8373,OK,525,525,2965,
abul8374,OK,510,510,3126,
abul8375,OK,510,510,3105,
abul8376,OK,650,650,3066,
abul8377,OK,650,650,3226,
abul8378,OK,700,700,3023,
abul8379,OK,1250,1250,3280,
abul8380,OK,525,525,3055,
abul8381,OK,750,750,3051,
abul8382,OK,1500,1500,3008,
abul8383,OK,700,700,3219,
abul8384,OK,800,800,3200,
abul8385,OK,1000,1000,3009,
abul8386,OK,1000,1000,3192,
abul8387,OK,1250,1250,3264,
abul8388,OK,575,575,3226,
abul8389,OK,600,600,3254,
abul8390,OK,575,575,2984,
abul8391,OK,575,575,3141,
abul8392,OK,600,600,3228,
abul8393,OK,600,600,3061,
abul8394,OK,750,750,3263,
abul8395,OK,525,525,2968,
abul8396,OK,700,700,3257,
abul8397,OK,750,750,3184,
abul8398,OK,550,550,3174,
abul8399,OK,575,575,3251,
abul8400,OK,575,575,3045,
abul8401,OK,1500,1500,3297,
abul8402,OK,510,510,3038,
abul8403,OK,550,550,3148,
abul8404,OK,1250,1250,3223,
abul8405,OK,575,575,3067,
abul8406,OK,525,525,3148,
abul8407,OK,510,510,2986,
abul8408,OK,510,510,3210,
abul8409,OK,600,600,3032,
abul8410,OK,550,550,3224,
abul8411,OK,525,525,3225,
abul8412,OK,510,510,2786,
abul8413,OK,650,650,3008,
abul8414,OK,1250,1250,3242,
abul8415,OK,550,550,3063,
abul8416,OK,700,700,3229,
abul8417,OK,550,550,3013,
abul8418,OK,1000,1000,2974,
abul8419,OK,575,575,3091,
abul8420,OK,525,525,3264,
abul8421,OK,650,650,3260,
abul8422,OK,525,525,3211,
abul8423,OK,650,650,3231,
abul8424,OK,700,700,3076,
abul8425,OK,575,575,3245,
abul8426,OK,800,800,3275,
abul8427,OK,650,650,3196,
abul8428,OK,525,525,3035,
abul8429,OK,1000,1000,3246,
abul8430,OK,510,510,3220,
abul8431,OK,750,750,3241,
abul8432,OK,1500,1500,3235,
abul8433,OK,525,525,3200,
abul8434,OK,510,510,3047,
abul8435,OK,700,700,3073,
abul8436,OK,1250,1250,3263,
abul8437,OK,525,525,3186,
abul8438,OK,550,550,3241,
abul8439,OK,1500,1500,3039,
abul8440,OK,800,800,3055,
abul8441,OK,510,510,2984,
abul8442,OK,600,600,3254,
abul8443,OK,1500,1500,3023,
abul8444,OK,1500,1500,3135,
abul8445,OK,800,800,2998,
abul8446,OK,600,600,3105,
abul8447,OK,1500,1500,3218,
abul8448,OK,1500,1500,3211,
abul8449,OK,700,700,3168,
abul8450,OK,700,700,3045,
abul8451,OK,750,750,3253,
abul8452,OK,510,510,3026,
abul8453,OK,650,650,3071,
abul8454,OK,1000,1000,3224,
abul8455,OK,1250,1250,3171,
abul8456,OK,750,750,3189,
abul8457,OK,550,550,3045,
abul8458,OK,550,550,3014,
abul8459,OK,650,650,3268,
abul8460,OK,750,750,3156,
abul8461,OK,510,510,3183,
abul8462,OK,575,575,3219,
abul8463,OK,600,600,3060,
abul8464,OK,600,600,3980,
abul8465,OK,1000,1000,3217,
abul8466,OK,1500,1500,3285,
abul8467,OK,510,510,3265,
abul8468,OK,650,650,3243,
abul8469,OK,750,750,3114,
abul8470,OK,1500,1500,3286,
abul8471,OK,1000,1000,3187,
abul8472,OK,650,650,3191,
abul8473,OK,700,700,3273,
abul8474,OK,1500,1500,3062,
abul8475,OK,700,700,3233,
abul8476,OK,1000,1000,3256,
abul8477,OK,525,525,3174,
abul8478,OK,575,575,3057,
abul8479,OK,650,650,3153,
abul8480,OK,750,750,3193,
abul8481,OK,525,525,3224,
abul8482,OK,650,650,2816,
abul8483,OK,550,550,3275,
abul8484,OK,575,575,3021,
abul8485,OK,1500,1500,3226,
abul8486,OK,650,650,3078,
abul8487,OK,575,575,3527,
abul8488,OK,510,510,3207,
abul8489,OK,700,700,3257,
abul8490,OK,1250,1250,3236,
abul8491,OK,750,750,3079,
abul8492,OK,650,650,3117,
abul8493,OK,700,700,3195,
abul8494,OK,1500,1500,3034,
abul8495,OK,1250,1250,3196,
abul8496,OK,525,525,3028,
abul8497,OK,700,700,3216,
abul8498,OK,700,700,3289,
abul8499,OK,700,700,3318,
abul8500,OK,600,600,3272,
abul8501,OK,600,600,3291,
abul8502,OK,700,700,3127,
abul8503,OK,510,510,2819,
abul8504,OK,600,600,3291,
abul8505,OK,750,750,3056,
abul8506,OK,800,800,3251,
abul8507,OK,525,525,3266,
abul8508,OK,750,750,3182,
abul8509,OK,510,510,3193,
abul8510,OK,800,800,3215,
abul8511,OK,575,575,3149,
abul8512,OK,650,650,2983,
abul8513,OK,700,700,3112,
abul8514,OK,750,750,2866,
abul8515,OK,600,600,3124,
abul8516,OK,1500,1500,3054,
abul8517,OK,1500,1500,2996,
abul8518,OK,800,800,3086,
abul8519,OK,700,700,3004,
abul8520,OK,600,600,3308,
abul8521,OK,575,575,3274,
abul8522,OK,700,700,3248,
abul8523,OK,1500,1500,2965,
abul8524,OK,525,525,3295,
abul8525,OK,550,550,3074,
abul8526,OK,1250,1250,2983,
abul8527,OK,510,510,3138,
abul8528,OK,1250,1250,3146,
abul8529,OK,510,510,3195,
abul8530,OK,1250,1250,3262,
abul8531,OK,800,800,3269,
abul8532,OK,700,700,3152,
abul8533,OK,650,650,3137,
abul8534,OK,700,700,3084,
abul8535,OK,650,650,3061,
abul8536,OK,525,525,3266,
abul8537,OK,1000,1000,3286,
abul8538,OK,750,750,3166,
abul8539,OK,550,550,2977,
abul8540,OK,750,750,2992,
abul8541,OK,750,750,3141,
abul8542,OK,600,600,3082,
abul8543,OK,550,550,3007,
abul8544,OK,575,575,3262,
abul8545,OK,800,800,3149,
abul8546,OK,800,800,3004,
abul8547,OK,600,600,3222,
abul8548,OK,525,525,3305,
abul8549,OK,650,650,3041,
abul8550,OK,550,550,3204,
abul8551,OK,600,600,3222,
abul8552,OK,1000,1000,2922,
abul8553,OK,700,700,3130,
abul8554,OK,1500,1500,3058,
abul8555,OK,650,650,3239,
abul8556,OK,800,800,3255,
abul8557,OK,1000,1000,3062,
abul8558,OK,510,510,3189,
abul8559,OK,1000,1000,3046,
abul8560,OK,750,750,3215,
abul8561,OK,600,600,2963,
abul8562,OK,700,700,3196,
abul8563,OK,750,750,2979,
abul8564,OK,1500,1500,3194,
abul8565,OK,700,700,3279,
abul8566,OK,575,575,3056,
abul8567,OK,700,700,3205,
abul8568,OK,1250,1250,3252,
abul8569,OK,1500,1500,3140,
abul8570,OK,525,525,3197,
abul8571,OK,650,650,3173,
abul8572,OK,525,525,3253,
abul8573,OK,750,750,2868,
abul8574,OK,525,525,2971,
abul8575,OK,800,800,3018,
abul8576,OK,1000,1000,2818,
abul8577,OK,650,650,3220,
abul8578,OK,575,575,3197,
abul8579,OK,550,550,3174,
abul8580,OK,575,575,3032,
abul8581,OK,700,700,3266,
abul8582,OK,1000,1000,3243,
abul8583,OK,750,750,3108,
abul8584,OK,550,550,2987,
abul8585,OK,650,650,3206,
abul8586,OK,525,525,2978,
abul8587,OK,1000,1000,3033,
abul8588,OK,510,510,3174,
abul8589,OK,700,700,3172,
abul8590,OK,1250,1250,2961,
abul8591,OK,650,650,3058,
abul8592,OK,600,600,3201,
abul8593,OK,1500,1500,3006,
abul8594,OK,700,700,3236,
abul8595,OK,575,575,3010,
abul8596,OK,550,550,3093,
abul8597,OK,600,600,3224,
abul8598,OK,600,600,3184,
abul8599,OK,1250,1250,3212,
abul8600,OK,600,600,3301,
abul8601,OK,525,525,3084,
abul8602,OK,650,650,3139,
abul8603,OK,525,525,3225,
abul8604,OK,1250,1250,3046,
abul8605,OK,700,700,3205,
abul8606,OK,650,650,3291,
abul8607,OK,800,800,3277,
abul8608,OK,1000,1000,3197,
abul8609,OK,525,525,3150,
abul8610,OK,510,510,3190,
abul8611,OK,600,600,2822,
abul8612,OK,750,750,3235,
abul8613,OK,525,525,2951,
abul8614,OK,1500,1500,3128,
abul8615,OK,1000,1000,3099,
abul8616,OK,1500,1500,3218,
abul8617,OK,1250,1250,3202,
abul8618,OK,650,650,3084,
abul8619,OK,525,525,3174,
abul8620,OK,700,700,3219,
abul8621,OK,575,575,3199,
abul8622,OK,750,750,3230,
abul8623,OK,1250,1250,3171,
abul8624,OK,600,600,3088,
abul8625,OK,510,510,2975,
abul8626,OK,1000,1000,2816,
abul8627,OK,650,650,3164,
abul8628,OK,510,510,3118,
abul8629,OK,700,700,3022,
abul8630,OK,650,650,3259,
abul8631,OK,750,750,3207,
abul8632,OK,800,800,3243,
abul8633,OK,650,650,3305,
abul8634,OK,1000,1000,3225,
abul8635,OK,1250,1250,2827,
abul8636,OK,750,750,3296,
abul8637,OK,1500,1500,3117,
abul8638,OK,600,600,3224,
abul8639,OK,1000,1000,3209,
abul8640,OK,1250,1250,3193,
abul8641,OK,1000,1000,3213,
abul8642,OK,800,800,3152,
abul8643,OK,650,650,3280,
abul8644,OK,525,525,3181,
abul8645,OK,525,525,3202,
abul8646,OK,525,525,3214,
abul8647,OK,1000,1000,3231,
abul8648,OK,750,750,2870,
abul8649,OK,750,750,3071,
abul8650,OK,575,575,2917,
abul8651,OK,700,700,3037,
abul8652,OK,800,800,2961,
abul8653,OK,1250,1250,3151,
abul8654,OK,650,650,3124,
abul8655,OK,550,550,3084,
abul8656,OK,575,575,3063,
abul8657,OK,1500,1500,3195,
abul8658,OK,525,525,3179,
abul8659,OK,550,550,3057,
abul8660,OK,525,525,3180,
abul8661,OK,800,800,2879,
abul8662,OK,600,600,3321,
abul8663,OK,650,650,3018,
abul8664,OK,1000,1000,3319,
abul8665,OK,600,600,2835,
abul8666,OK,1250,1250,3274,
abul8667,OK,600,600,3117,
abul8668,OK,800,800,3202,
abul8669,OK,1250,1250,3238,
abul8670,OK,650,650,3188,
abul8671,OK,750,750,3224,
abul8672,OK,1250,1250,3190,
abul8673,OK,550,550,3115,
abul8674,OK,575,575,3124,
abul8675,OK,1250,1250,3250,
abul8676,OK,575,575,3223,
abul8677,OK,600,600,3238,
abul8678,OK,510,510,3085,
abul8679,OK,1250,1250,3242,
abul8680,OK,1250,1250,3215,
abul8681,OK,575,575,3010,
abul8682,OK,600,600,3193,
abul8683,OK,750,750,3191,
abul8684,OK,525,525,3214,
abul8685,OK,800,800,3120,
abul8686,OK,1500,1500,3146,
abul8687,OK,550,550,3282,
abul8688,OK,750,750,2868,
abul8689,OK,525,525,3211,
abul8690,OK,700,700,3074,
abul8691,OK,1000,1000,3202,
abul8692,OK,525,525,3271,
abul8693,OK,575,575,3263,
abul8694,OK,510,510,3201,
abul8695,OK,575,575,3231,
abul8696,OK,510,510,3273,
abul8697,OK,510,510,3043,
abul8698,OK,510,510,3254,
abul8699,OK,525,525,2842,
abul8700,OK,575,575,3135,
abul8701,OK,1250,1250,3237,
abul8702,OK,550,550,3031,
abul8703,OK,510,510,3205,
abul8704,OK,750,750,3149,
abul8705,OK,650,650,3143,
abul8706,OK,800,800,2991,
abul8707,OK,600,600,3301,
abul8708,OK,1250,1250,3236,
abul8709,OK,700,700,3211,
abul8710,OK,575,575,2950,
abul8711,OK,1250,1250,3037,
abul8712,OK,650,650,3216,
abul8713,OK,1250,1250,3240,
abul8714,OK,800,800,3118,
abul8715,OK,700,700,2786,
abul8716,OK,750,750,3181,
abul8717,OK,1000,1000,3211,
abul8718,OK,525,525,3235,
abul8719,OK,650,650,3282,
abul8720,OK,575,575,3268,
abul8721,OK,800,800,3505,
abul8722,OK,525,525,3102,
abul8723,OK,1500,1500,3241,
abul8724,OK,750,750,3232,
abul8725,OK,510,510,3192,
abul8726,OK,575,575,3225,
abul8727,OK,575,575,2815,
abul8728,OK,600,600,3236,
abul8729,OK,700,700,3227,
abul8730,OK,1000,1000,3296,
abul8731,OK,600,600,3239,
abul8732,OK,600,600,3280,
abul8733,OK,575,575,3077,
abul8734,OK,800,800,3027,
abul8735,OK,550,550,3230,
abul8736,OK,1000,1000,3252,
abul8737,OK,750,750,3214,
abul8738,OK,525,525,3187,
abul8739,OK,1250,1250,2827,
abul8740,OK,650,650,3137,
abul8741,OK,550,550,3165,
abul8742,OK,1250,1250,3220,
abul8743,OK,510,510,3034,
abul8744,OK,650,650,3078,
abul8745,OK,550,550,3208,
abul8746,OK,1250,1250,3164,
abul8747,OK,575,575,3154,
abul8748,OK,700,700,3063,
abul8749,OK,1000,1000,2967,
abul8750,OK,525,525,3166,
abul8751,OK,750,750,2978,
abul8752,OK,1500,1500,3205,
abul8753,OK,650,650,3236,
abul8754,OK,750,750,3242,
abul8755,OK,800,800,3114,
abul8756,OK,650,650,3041,
abul8757,OK,510,510,3224,
abul8758,OK,525,525,3215,
abul8759,OK,650,650,3250,
abul8760,OK,1000,1000,3095,
abul8761,OK,1000,1000,2942,
abul8762,OK,750,750,3307,
abul8763,OK,510,510,3164,
abul8764,OK,1000,1000,3038,
abul8765,OK,575,575,3077,
abul8766,OK,510,510,3019,
abul8767,OK,1500,1500,3260,
abul8768,OK,600,600,3022,
abul8769,OK,525,525,3293,
abul8770,OK,1000,1000,3148,
abul8771,OK,1000,1000,3216,
abul8772,OK,510,510,3024,
abul8773,OK,525,525,3218,
abul8774,OK,700,700,3244,
abul8775,OK,800,800,3107,
abul8776,OK,525,525,2867,
abul8777,OK,800,800,3153,
abul8778,OK,550,550,3020,
abul8779,OK,700,700,3033,
abul8780,OK,525,525,3230,
abul8781,OK,750,750,3251,
abul8782,OK,550,550,3016,
abul8783,OK,700,700,3133,
abul8784,OK,1500,1500,3145,
abul8785,OK,550,550,3178,
abul8786,OK,1250,1250,3248,
abul8787,OK,1500,1500,3187,
abul8788,OK,800,800,3264,
abul8789,OK,550,550,3019,
abul8790,OK,1250,1250,3176,
abul8791,OK,575,575,3252,
abul8792,OK,550,550,3072,
abul8793,OK,600,600,2784,
abul8794,OK,1500,1500,3093,
abul8795,OK,575,575,3240,
abul8796,OK,575,575,3201,
abul8797,OK,575,575,3188,
abul8798,OK,1500,1500,3223,
abul8799,OK,1500,1500,3384,
abul8800,OK,750,750,3211,
abul8801,OK,750,750,3161,
abul8802,OK,650,650,3228,
abul8803,OK,600,600,3180,
abul8804,OK,575,575,3240,
abul8805,OK,800,800,2895,
abul8806,OK,700,700,3148,
abul8807,OK,1500,1500,3160,
abul8808,OK,1250,1250,3227,
abul8809,OK,525,525,3201,
abul8810,OK,650,650,3038,
abul8811,OK,1000,1000,3204,
abul8812,OK,575,575,3062,
abul8813,OK,1500,1500,3048,
abul8814,OK,1000,1000,3142,
abul8815,OK,700,700,2969,
abul8816,OK,1000,1000,2992,
abul8817,OK,575,575,3227,
abul8818,OK,600,600,3204,
abul8819,OK,525,525,3533,
abul8820,OK,1000,1000,3282,
abul8821,OK,525,525,3018,
abul8822,OK,750,750,3279,
abul8823,OK,1500,1500,3154,
abul8824,OK,600,600,3076,
abul8825,OK,510,510,3193,
abul8826,OK,650,650,3278,
abul8827,OK,600,600,3167,
abul8828,OK,1000,1000,3008,
abul8829,OK,1250,1250,3086,
abul8830,OK,1000,1000,3239,
abul8831,OK,800,800,3222,
abul8832,OK,1250,1250,3190,
abul8833,OK,1500,1500,3016,
abul8834,OK,1250,1250,2978,
abul8835,OK,1000,1000,3043,
abul8836,OK,600,600,3215,
abul8837,OK,700,700,3118,
abul8838,OK,800,800,3173,
abul8839,OK,575,575,3032,
abul8840,OK,1250,1250,3231,
abul8841,OK,1250,1250,3234,
abul8842,OK,800,800,3214,
abul8843,OK,550,550,3212,
abul8844,OK,750,750,3058,
abul8845,OK,1000,1000,3020,
abul8846,OK,550,550,3164,
abul8847,OK,1250,1250,3393,
abul8848,OK,525,525,3173,
abul8849,OK,1250,1250,3034,
abul8850,OK,750,750,3202,
abul8851,OK,600,600,3249,
abul8852,OK,800,800,3270,
abul8853,OK,1500,1500,2982,
abul8854,OK,700,700,3220,
abul8855,OK,550,550,3028,
abul8856,OK,600,600,3178,
abul8857,OK,1000,1000,3272,
abul8858,OK,750,750,3212,
abul8859,OK,750,750,3332,
abul8860,OK,1500,1500,2973,
abul8861,OK,700,700,3196,
abul8862,OK,600,600,3263,
abul8863,OK,1500,1500,2951,
abul8864,OK,650,650,3238,
abul8865,OK,600,600,3001,
abul8866,OK,1000,1000,3132,
abul8867,OK,650,650,3049,
abul8868,OK,1000,1000,3080,
abul8869,OK,510,510,3118,
abul8870,OK,1250,1250,3067,
abul8871,OK,1250,1250,3268,
abul8872,OK,750,750,3032,
abul8873,OK,525,525,3107,
abul8874,OK,510,510,3081,
abul8875,OK,550,550,3244,
abul8876,OK,1250,1250,3147,
abul8877,OK,600,600,3205,
abul8878,OK,600,600,3146,
abul8879,OK,510,510,3218,
abul8880,OK,750,750,3255,
abul8881,OK,750,750,3184,
abul8882,OK,800,800,3274,
abul8883,OK,800,800,3281,
abul8884,OK,750,750,3079,
abul8885,OK,525,525,2978,
abul8886,OK,700,700,3263,
abul8887,OK,550,550,3260,
abul8888,OK,575,575,2999,
abul8889,OK,600,600,3183,
abul8890,OK,1500,1500,2921,
abul8891,OK,1000,1000,3284,
abul8892,OK,750,750,3224,
abul8893,OK,750,750,3050,
abul8894,OK,650,650,3275,
abul8895,ERR:WebSocketConnectionClosedException,525,0,2366,Connection to remote host was lost.
abul8896,OK,650,650,3197,
abul8897,OK,800,800,3052,
abul8898,OK,1500,1500,3240,
abul8899,OK,750,750,3265,
abul8900,OK,575,575,3221,
abul8901,OK,1500,1500,3049,
abul8902,OK,550,550,2885,
abul8903,OK,575,575,3066,
abul8904,LOGIN_FAIL,0,0,666,
abul8905,ERR:WebSocketConnectionClosedException,600,0,2381,Connection to remote host was lost.
abul8906,OK,1500,1500,3160,
abul8907,OK,700,700,3009,
abul8908,ERR:WebSocketConnectionClosedException,1500,0,2268,Connection to remote host was lost.
abul8909,BALANCE_TOO_LOW,0,0,1265,balance=0
abul8910,OK,1250,1250,3043,
abul8911,OK,525,525,2997,
abul8912,OK,700,700,3042,
abul8913,OK,600,600,3458,
abul8914,OK,800,800,3603,
abul8915,OK,1500,1500,3563,
abul8916,OK,1500,1500,3571,
abul8917,OK,575,575,3500,
abul8918,OK,650,650,3079,
abul8919,OK,800,800,2871,
abul8920,OK,575,575,3043,
abul8921,OK,550,550,3307,
abul8922,OK,600,600,3007,
abul8923,OK,525,525,2898,
abul8924,OK,1250,1250,2890,
abul8925,OK,1250,1250,3112,
abul8926,LOGIN_FAIL,0,0,369,
abul8927,OK,575,575,2889,
abul8928,ERR:WebSocketConnectionClosedException,525,0,2688,Connection to remote host was lost.
abul8929,OK,1500,1500,2942,
abul8930,OK,1500,1500,3036,
abul8931,OK,650,650,2807,
abul8932,OK,750,750,2841,
abul8933,OK,575,575,2995,
abul8934,OK,575,575,3340,
abul8935,OK,700,700,3040,
abul8936,OK,1500,1500,2987,
abul8937,OK,525,525,2896,
abul8938,BALANCE_TOO_LOW,0,0,1251,balance=0
abul8939,OK,650,650,2902,
abul8940,OK,800,800,2929,
abul8941,OK,1250,1250,3507,
abul8942,OK,525,525,2836,
abul8943,OK,525,525,2900,
abul8944,OK,700,700,3013,
abul8945,OK,700,700,2880,
abul8946,OK,700,700,2936,
abul8947,OK,800,800,2866,
abul8948,OK,700,700,2947,
abul8949,OK,1250,1250,2997,
abul8950,OK,1250,1250,2960,
abul8951,OK,575,575,3135,
abul8952,OK,750,750,2979,
abul8953,OK,1000,1000,2921,
abul8954,OK,510,510,2904,
abul8955,OK,525,525,2905,
abul8956,OK,750,750,2941,
abul8957,OK,650,650,3085,
abul8958,OK,575,575,2997,
abul8959,OK,1250,1250,2943,
abul8960,OK,1000,1000,2931,
abul8961,OK,550,550,2889,
abul8962,OK,650,650,3009,
abul8963,OK,1000,1000,2849,
abul8964,OK,650,650,2871,
abul8965,OK,575,575,2986,
abul8966,OK,700,700,2976,
abul8967,OK,525,525,2965,
abul8968,OK,575,575,2866,
abul8969,OK,510,510,3007,
abul8970,OK,650,650,2932,
abul8971,OK,1000,1000,2937,
abul8972,OK,510,510,2973,
abul8973,OK,1500,1500,2917,
abul8974,OK,750,750,2945,
abul8975,OK,525,525,2822,
abul8976,OK,700,700,2948,
abul8977,OK,1250,1250,2888,
abul8978,OK,700,700,2900,
abul8979,OK,1500,1500,3161,
abul8980,OK,1500,1500,3023,
abul8981,OK,800,800,2898,
abul8982,OK,800,800,2875,
abul8983,OK,510,510,2857,
abul8984,OK,1000,1000,3001,
abul8985,OK,550,550,2884,
abul8986,OK,1000,1000,2931,
abul8987,OK,575,575,2875,
abul8988,OK,1250,1250,2991,
abul8989,OK,1000,1000,2887,
abul8990,OK,650,650,2998,
abul8991,OK,750,750,3033,
abul8992,OK,575,575,2866,
abul8993,OK,1500,1500,2864,
abul8994,OK,550,550,2925,
abul8995,OK,550,550,3015,
abul8996,OK,510,510,2932,
abul8997,OK,800,800,2904,
abul8998,OK,800,800,2849,
abul8999,OK,1250,1250,3007,
abul9000,OK,650,650,2961,
abul9001,OK,525,525,2968,
abul9002,OK,510,510,2852,
abul9003,OK,1500,1500,2900,
abul9004,OK,750,750,2833,
abul9005,OK,650,650,2964,
abul9006,OK,700,700,2860,
abul9007,OK,750,750,2932,
abul9008,OK,1500,1500,2916,
abul9009,OK,525,525,2836,
abul9010,OK,1500,1500,2870,
abul9011,OK,750,750,2958,
abul9012,OK,750,750,2912,
abul9013,OK,1000,1000,2891,
abul9014,OK,525,525,2936,
abul9015,OK,800,800,3338,
abul9016,OK,575,575,2919,
abul9017,OK,1000,1000,2915,
abul9018,OK,1000,1000,2886,
abul9019,OK,800,800,2949,
abul9020,OK,550,550,2921,
abul9021,OK,525,525,2865,
abul9022,OK,510,510,2817,
abul9023,OK,525,525,3109,
abul9024,OK,1250,1250,2909,
abul9025,OK,650,650,3054,
abul9026,OK,525,525,3017,
abul9027,OK,1500,1500,2938,
abul9028,OK,750,750,2986,
abul9029,OK,800,800,2922,
abul9030,OK,525,525,2923,
abul9031,OK,1000,1000,2932,
abul9032,OK,510,510,2885,
abul9033,OK,600,600,3037,
abul9034,OK,600,600,2913,
abul9035,OK,600,600,2468,
abul9036,OK,1000,1000,2876,
abul9037,OK,525,525,2890,
abul9038,OK,1500,1500,2914,
abul9039,OK,575,575,2833,
abul9040,OK,1500,1500,2955,
abul9041,OK,510,510,2889,
abul9042,OK,525,525,2952,
abul9043,OK,600,600,2951,
abul9044,OK,650,650,2917,
abul9045,OK,1500,1500,2898,
abul9046,OK,1000,1000,3037,
abul9047,OK,525,525,2904,
abul9048,OK,750,750,3056,
abul9049,OK,575,575,2907,
abul9050,OK,550,550,2910,
abul9051,OK,1250,1250,2938,
abul9052,OK,750,750,2973,
abul9053,OK,550,550,2907,
abul9054,OK,510,510,2850,
abul9055,OK,1500,1500,2880,
abul9056,OK,800,800,3010,
abul9057,OK,1250,1250,2961,
abul9058,OK,575,575,2912,
abul9059,OK,510,510,2889,
abul9060,OK,1000,1000,2895,
abul9061,OK,575,575,2979,
abul9062,OK,1500,1500,2930,
abul9063,OK,1250,1250,3017,
abul9064,OK,1250,1250,2899,
abul9065,OK,1250,1250,2893,
abul9066,OK,1000,1000,2853,
abul9067,OK,600,600,2963,
abul9068,OK,525,525,3001,
abul9069,OK,600,600,2863,
abul9070,OK,650,650,2965,
abul9071,OK,575,575,2879,
abul9072,OK,1250,1250,2853,
abul9073,OK,525,525,2912,
abul9074,OK,575,575,2909,
abul9075,OK,700,700,2915,
abul9076,OK,650,650,2944,
abul9077,OK,600,600,2999,
abul9078,OK,550,550,2898,
abul9079,OK,1500,1500,2947,
abul9080,OK,1000,1000,2966,
abul9081,OK,800,800,2451,
abul9082,OK,510,510,2913,
abul9083,OK,1250,1250,2949,
abul9084,OK,525,525,2874,
abul9085,OK,600,600,2887,
abul9086,OK,700,700,3007,
abul9087,OK,1000,1000,2914,
abul9088,OK,750,750,2980,
abul9089,OK,650,650,2889,
abul9090,OK,750,750,3009,
abul9091,OK,750,750,2943,
abul9092,OK,1000,1000,2913,
abul9093,OK,650,650,2905,
abul9094,OK,1500,1500,2911,
abul9095,OK,750,750,2975,
abul9096,OK,750,750,2973,
abul9097,OK,575,575,2968,
abul9098,OK,700,700,2917,
abul9099,OK,575,575,2906,
abul9100,OK,600,600,2926,
abul9101,OK,525,525,2874,
abul9102,OK,510,510,2959,
abul9103,OK,510,510,2832,
abul9104,OK,800,800,2903,
abul9105,OK,750,750,3002,
abul9106,OK,525,525,3195,
abul9107,OK,1000,1000,2905,
abul9108,OK,550,550,2982,
abul9109,OK,575,575,2866,
abul9110,OK,1500,1500,2877,
abul9111,OK,510,510,2848,
abul9112,OK,1500,1500,2930,
abul9113,OK,750,750,2950,
abul9114,OK,575,575,2984,
abul9115,OK,700,700,2973,
abul9116,OK,1000,1000,2957,
abul9117,OK,510,510,2950,
abul9118,OK,525,525,2962,
abul9119,OK,600,600,2918,
abul9120,OK,550,550,2954,
abul9121,OK,600,600,3027,
abul9122,OK,550,550,2892,
abul9123,OK,600,600,2982,
abul9124,OK,1000,1000,2928,
abul9125,OK,700,700,2969,
abul9126,OK,575,575,2907,
abul9127,OK,750,750,2857,
abul9128,OK,600,600,2870,
abul9129,OK,650,650,2821,
abul9130,OK,700,700,2944,
abul9131,OK,600,600,2910,
abul9132,OK,510,510,2947,
abul9133,OK,750,750,2954,
abul9134,OK,600,600,2967,
abul9135,OK,800,800,2974,
abul9136,OK,600,600,2463,
abul9138,OK,550,550,2953,
abul9139,OK,550,550,2942,
abul9140,OK,650,650,2943,
abul9141,OK,1500,1500,2823,
abul9142,OK,600,600,3003,
abul9143,OK,510,510,3026,
abul9144,OK,525,525,2871,
abul9145,OK,510,510,2834,
abul9146,OK,575,575,2907,
abul9147,OK,700,700,2930,
abul9148,OK,600,600,2918,
abul9149,OK,600,600,2820,
abul9150,OK,650,650,3396,
abul9151,OK,510,510,3068,
abul9152,OK,1000,1000,3005,
abul9153,OK,600,600,2993,
abul9154,OK,600,600,2893,
abul9155,OK,525,525,3022,
abul9156,OK,650,650,3404,
abul9157,OK,650,650,2928,
abul9158,OK,575,575,2992,
abul9159,OK,575,575,2895,
abul9160,OK,550,550,3034,
abul9161,OK,1500,1500,3044,
abul9162,OK,575,575,2949,
abul9163,OK,700,700,2863,
abul9164,OK,575,575,2925,
abul9165,OK,800,800,3046,
abul9166,OK,1500,1500,2976,
abul9167,OK,750,750,2931,
abul9168,OK,700,700,2974,
abul9169,OK,1250,1250,2925,
abul9170,OK,800,800,2818,
abul9171,OK,575,575,2986,
abul9172,OK,700,700,2958,
abul9173,OK,550,550,3020,
abul9174,OK,650,650,2967,
abul9175,OK,510,510,2840,
abul9176,OK,750,750,2956,
abul9177,OK,575,575,2944,
abul9178,OK,650,650,2862,
abul9179,OK,550,550,2876,
abul9180,OK,1250,1250,2938,
abul9181,OK,525,525,2960,
abul9182,OK,650,650,2950,
abul9183,OK,1500,1500,2941,
abul9184,OK,1500,1500,2967,
abul9185,OK,550,550,2968,
abul9186,OK,650,650,2953,
abul9187,OK,600,600,2904,
abul9188,OK,600,600,3054,
abul9189,OK,550,550,2915,
abul9190,OK,1250,1250,2901,
abul9191,OK,1500,1500,2985,
abul9192,OK,1250,1250,2851,
abul9193,OK,650,650,2826,
abul9194,OK,575,575,2949,
abul9195,OK,750,750,2925,
abul9196,OK,600,600,2998,
abul9197,OK,1500,1500,2831,
abul9198,OK,650,650,3011,
abul9199,OK,1000,1000,2930,
abul9200,OK,510,510,2913,
abul9201,OK,575,575,2965,
abul9202,OK,1000,1000,2881,
abul9203,OK,525,525,2913,
abul9204,OK,650,650,2860,
abul9205,OK,1250,1250,2867,
abul9206,OK,1500,1500,2888,
abul9207,OK,1250,1250,2902,
abul9208,OK,550,550,2861,
abul9209,OK,575,575,2978,
abul9210,OK,700,700,2996,
abul9211,OK,600,600,2942,
abul9212,OK,600,600,2844,
abul9213,OK,575,575,2902,
abul9214,OK,800,800,2978,
abul9215,OK,700,700,2967,
abul9216,OK,1500,1500,3037,
abul9217,OK,600,600,2969,
abul9218,OK,510,510,3060,
abul9219,OK,550,550,2960,
abul9220,OK,650,650,2863,
abul9221,OK,700,700,3381,
abul9222,OK,800,800,2896,
abul9223,OK,525,525,2940,
abul9224,OK,525,525,2863,
abul9225,OK,750,750,2944,
abul9226,OK,510,510,2904,
abul9227,OK,550,550,2954,
abul9228,OK,550,550,2455,
abul9229,OK,800,800,2993,
abul9230,OK,600,600,2880,
abul9231,OK,700,700,2888,
abul9232,OK,550,550,2856,
abul9233,OK,510,510,2983,
abul9234,OK,700,700,3029,
abul9235,OK,1250,1250,2820,
abul9236,OK,1500,1500,2825,
abul9237,OK,1000,1000,2769,
abul9238,OK,550,550,2439,
abul9239,OK,600,600,2975,
abul9240,OK,1250,1250,2845,
abul9241,OK,800,800,2903,
abul9242,OK,550,550,2938,
abul9243,OK,1500,1500,2995,
abul9244,OK,575,575,3006,
abul9245,OK,1500,1500,2876,
abul9246,OK,550,550,3059,
abul9247,OK,600,600,2883,
abul9248,OK,1000,1000,2979,
abul9249,OK,800,800,2862,
abul9250,OK,650,650,2886,
abul9251,OK,750,750,2978,
abul9252,OK,650,650,2943,
abul9253,OK,600,600,2966,
abul9254,OK,575,575,2855,
abul9255,OK,650,650,2850,
abul9256,OK,600,600,3014,
abul9257,OK,650,650,2876,
abul9258,OK,575,575,2834,
abul9259,OK,750,750,2888,
abul9260,OK,550,550,2931,
abul9261,OK,650,650,2999,
abul9262,OK,800,800,2848,
abul9263,OK,1250,1250,2913,
abul9264,OK,1500,1500,2935,
abul9265,OK,1000,1000,2495,
abul9266,OK,525,525,3004,
abul9267,OK,575,575,3001,
abul9268,OK,750,750,3107,
abul9269,OK,525,525,2902,
abul9270,OK,800,800,2899,
abul9271,OK,650,650,2822,
abul9272,OK,525,525,2999,
abul9273,OK,550,550,3023,
abul9274,OK,650,650,2948,
abul9275,OK,1000,1000,2853,
abul9276,OK,525,525,2882,
abul9277,OK,510,510,2886,
abul9278,OK,525,525,3022,
abul9279,OK,525,525,3027,
abul9280,OK,575,575,2995,
abul9281,OK,750,750,2985,
abul9282,OK,1000,1000,3374,
abul9283,OK,525,525,2893,
abul9284,OK,1000,1000,2857,
abul9285,OK,750,750,2893,
abul9286,OK,550,550,3027,
abul9287,OK,510,510,2880,
abul9288,OK,550,550,2506,
abul9289,OK,800,800,2899,
abul9290,OK,1250,1250,2941,
abul9291,OK,1500,1500,2947,
abul9292,OK,575,575,2903,
abul9293,OK,510,510,2944,
abul9294,OK,1500,1500,2992,
abul9295,OK,1250,1250,3496,
abul9296,OK,700,700,2786,
abul9297,OK,525,525,2952,
abul9298,OK,510,510,2891,
abul9299,OK,550,550,3086,
abul9300,OK,800,800,2889,
abul9301,OK,1250,1250,2989,
abul9302,OK,550,550,3635,
abul9303,OK,525,525,3662,
abul9304,OK,575,575,3475,
abul9305,OK,650,650,3581,
abul9306,OK,525,525,3541,
abul9307,OK,1250,1250,3568,
abul9308,OK,700,700,3521,
abul9309,OK,1500,1500,3691,
abul9310,OK,575,575,3697,
abul9311,OK,1250,1250,3609,
abul9312,OK,525,525,3440,
abul9313,OK,600,600,3010,
abul9314,OK,525,525,3098,
abul9315,OK,750,750,3056,
abul9316,OK,550,550,3091,
abul9317,OK,600,600,2943,
abul9318,OK,800,800,3394,
abul9319,OK,550,550,3032,
abul9320,OK,800,800,3024,
abul9321,OK,575,575,2885,
abul9322,OK,800,800,3824,
abul9323,OK,1000,1000,2920,
abul9324,OK,700,700,2992,
abul9325,OK,700,700,3010,
abul9326,OK,1000,1000,2913,
abul9327,OK,650,650,2952,
abul9328,OK,1250,1250,2788,
abul9329,OK,525,525,3028,
abul9330,OK,525,525,2998,
abul9331,OK,800,800,2998,
abul9332,OK,600,600,3357,
abul9333,OK,650,650,2851,
abul9334,OK,510,510,3011,
abul9335,OK,525,525,2932,
abul9336,OK,1000,1000,3007,
abul9337,OK,1250,1250,3406,
abul9338,OK,1500,1500,2895,
abul9339,OK,575,575,2964,
abul9340,OK,550,550,2934,
abul9341,OK,510,510,2982,
abul9342,OK,700,700,2948,
abul9343,OK,510,510,2953,
abul9344,OK,800,800,3145,
abul9345,OK,600,600,2931,
abul9346,OK,800,800,2923,
abul9347,OK,1500,1500,2985,
abul9348,OK,510,510,2949,
abul9349,OK,800,800,3041,
abul9350,OK,525,525,2925,
abul9351,OK,1250,1250,2970,
abul9352,OK,800,800,2963,
abul9353,OK,575,575,2922,
abul9354,OK,550,550,2884,
abul9355,OK,525,525,2935,
abul9356,OK,600,600,2883,
abul9357,OK,600,600,2903,
abul9358,OK,750,750,2924,
abul9359,OK,575,575,2993,
abul9360,OK,1000,1000,2962,
abul9361,OK,650,650,2888,
abul9362,OK,550,550,2861,
abul9363,OK,800,800,3039,
abul9364,OK,750,750,2909,
abul9365,OK,550,550,2833,
abul9366,OK,510,510,2878,
abul9367,OK,1000,1000,3407,
abul9368,OK,800,800,2913,
abul9369,OK,650,650,2975,
abul9370,OK,1000,1000,2957,
abul9371,OK,650,650,2963,
abul9372,OK,650,650,2939,
abul9373,OK,575,575,2802,
abul9374,OK,1000,1000,2989,
abul9375,OK,1250,1250,2827,
abul9376,OK,600,600,2879,
abul9377,OK,650,650,2988,
abul9378,OK,550,550,2931,
abul9379,OK,510,510,2977,
abul9380,OK,800,800,2861,
abul9381,OK,525,525,2948,
abul9382,OK,800,800,2834,
abul9383,OK,750,750,2968,
abul9384,OK,650,650,2924,
abul9385,OK,1250,1250,2939,
abul9386,OK,800,800,2993,
abul9387,OK,575,575,2993,
abul9388,OK,575,575,2819,
abul9389,OK,575,575,2912,
abul9390,OK,1250,1250,2872,
abul9391,OK,550,550,3001,
abul9392,OK,1250,1250,2863,
abul9393,OK,750,750,2925,
abul9394,OK,750,750,2848,
abul9395,OK,600,600,2500,
abul9396,OK,510,510,2929,
abul9397,OK,700,700,2847,
abul9398,OK,575,575,2860,
abul9399,OK,1000,1000,2876,
abul9400,OK,575,575,2922,
abul9401,OK,1000,1000,2965,
abul9402,OK,1000,1000,2980,
abul9403,OK,700,700,2795,
abul9404,OK,1250,1250,3004,
abul9405,OK,800,800,3291,
abul9406,OK,800,800,2958,
abul9407,OK,550,550,2917,
abul9408,OK,800,800,3001,
abul9409,OK,575,575,2946,
abul9410,OK,575,575,3034,
abul9411,OK,700,700,2946,
abul9412,OK,525,525,2976,
abul9413,OK,525,525,3016,
abul9414,OK,1250,1250,3025,
abul9415,OK,510,510,2902,
abul9416,OK,800,800,3036,
abul9417,OK,750,750,2983,
abul9418,OK,575,575,3031,
abul9419,OK,650,650,2941,
abul9420,OK,575,575,2868,
abul9421,OK,550,550,2815,
abul9422,OK,525,525,2894,
abul9423,OK,1000,1000,3065,
abul9424,OK,1250,1250,2811,
abul9425,OK,510,510,2716,
abul9426,OK,650,650,2930,
abul9427,OK,650,650,2932,
abul9428,OK,550,550,2989,
abul9429,OK,550,550,2928,
abul9430,OK,525,525,3003,
abul9431,OK,800,800,2889,
abul9432,OK,650,650,2864,
abul9433,OK,1250,1250,2992,
abul9434,OK,1250,1250,2868,
abul9435,OK,550,550,2959,
abul9436,OK,510,510,3368,
abul9437,OK,700,700,2912,
abul9438,OK,800,800,3032,
abul9439,OK,1500,1500,2860,
abul9440,OK,1250,1250,3441,
abul9441,OK,550,550,2989,
abul9442,OK,800,800,3360,
abul9443,OK,575,575,2931,
abul9444,OK,575,575,3091,
abul9445,OK,650,650,2823,
abul9446,OK,525,525,3017,
abul9447,OK,1250,1250,2894,
abul9448,OK,700,700,2916,
abul9449,OK,550,550,2868,
abul9450,OK,575,575,2910,
abul9451,OK,510,510,2870,
abul9452,OK,1250,1250,2921,
abul9453,OK,575,575,3006,
abul9454,OK,750,750,2989,
abul9455,OK,1500,1500,2998,
abul9456,OK,650,650,2857,
abul9457,OK,550,550,2888,
abul9458,OK,600,600,2914,
abul9459,OK,550,550,2950,
abul9460,OK,575,575,2973,
abul9461,OK,550,550,3013,
abul9462,OK,1250,1250,2959,
abul9463,OK,600,600,2944,
abul9464,OK,1500,1500,3030,
abul9465,OK,750,750,2896,
abul9466,OK,1250,1250,2939,
abul9467,OK,1250,1250,2961,
abul9468,OK,575,575,2917,
abul9469,OK,1500,1500,2924,
abul9470,OK,750,750,3014,
abul9471,OK,800,800,2941,
abul9472,OK,1000,1000,2804,
abul9473,OK,1000,1000,2819,
abul9474,OK,750,750,2848,
abul9475,OK,575,575,3038,
abul9476,OK,700,700,2883,
abul9477,OK,575,575,2961,
abul9478,OK,575,575,3031,
abul9479,OK,1000,1000,2997,
abul9480,OK,550,550,2864,
abul9481,OK,1250,1250,3304,
abul9482,OK,1500,1500,2927,
abul9483,OK,600,600,2875,
abul9484,OK,750,750,2927,
abul9485,OK,525,525,2935,
abul9486,OK,510,510,2542,
abul9487,OK,510,510,3328,
abul9488,OK,600,600,2890,
abul9489,OK,1000,1000,2917,
abul9490,OK,1250,1250,2451,
abul9491,OK,1500,1500,2977,
abul9492,OK,750,750,2944,
abul9493,OK,1250,1250,2820,
abul9494,OK,650,650,3464,
abul9495,OK,575,575,2920,
abul9496,OK,650,650,2927,
abul9497,OK,650,650,2953,
abul9498,OK,700,700,2912,
abul9499,OK,1500,1500,2979,
abul9500,OK,700,700,3006,
abul9501,OK,575,575,3051,
abul9502,OK,650,650,2988,
abul9503,OK,800,800,2914,
abul9504,OK,650,650,2976,
abul9505,OK,750,750,2875,
abul9506,OK,575,575,3010,
abul9507,OK,700,700,2861,
abul9508,OK,525,525,3008,
abul9509,OK,800,800,2967,
abul9510,OK,600,600,2773,
abul9511,OK,510,510,2956,
abul9512,OK,575,575,2946,
abul9513,OK,650,650,2988,
abul9514,OK,1500,1500,2978,
abul9515,OK,600,600,2888,
abul9516,OK,1250,1250,2937,
abul9517,OK,525,525,2898,
abul9518,OK,1250,1250,2996,
abul9519,OK,1250,1250,2536,
abul9520,OK,700,700,2955,
abul9521,OK,550,550,3196,
abul9522,OK,700,700,2942,
abul9523,OK,1500,1500,2837,
abul9524,OK,650,650,2889,
abul9525,OK,550,550,2852,
abul9526,OK,700,700,3132,
abul9527,OK,1500,1500,2922,
abul9528,OK,700,700,2905,
abul9529,OK,510,510,2432,
abul9530,OK,750,750,2972,
abul9531,OK,510,510,2936,
abul9532,OK,550,550,3348,
abul9533,OK,750,750,3022,
abul9534,OK,510,510,2958,
abul9535,OK,600,600,2897,
abul9536,OK,800,800,2937,
abul9537,OK,700,700,2935,
abul9538,OK,750,750,2941,
abul9539,OK,575,575,2769,
abul9540,OK,650,650,2923,
abul9541,OK,750,750,2967,
abul9542,OK,525,525,2916,
abul9543,OK,800,800,2981,
abul9544,OK,510,510,2936,
abul9545,OK,550,550,2989,
abul9546,OK,1500,1500,2989,
abul9547,OK,1250,1250,2835,
abul9548,OK,1000,1000,2927,
abul9549,OK,1500,1500,3016,
abul9550,OK,700,700,2937,
abul9551,OK,650,650,2968,
abul9552,OK,700,700,2957,
abul9553,OK,525,525,2956,
abul9554,OK,800,800,2952,
abul9555,OK,575,575,2887,
abul9556,OK,1500,1500,2873,
abul9557,OK,750,750,3002,
abul9558,OK,1500,1500,2928,
abul9559,OK,525,525,2920,
abul9560,OK,575,575,2935,
abul9561,OK,525,525,2964,
abul9562,OK,575,575,2997,
abul9563,OK,700,700,2998,
abul9564,OK,575,575,2979,
abul9565,OK,800,800,2897,
abul9566,OK,650,650,3282,
abul9567,OK,1250,1250,2916,
abul9568,OK,1500,1500,2851,
abul9569,OK,800,800,3168,
abul9570,OK,575,575,2915,
abul9571,OK,700,700,3035,
abul9572,OK,750,750,3375,
abul9573,OK,525,525,2955,
abul9574,OK,600,600,2891,
abul9575,OK,575,575,3010,
abul9576,OK,650,650,3001,
abul9577,OK,600,600,2870,
abul9578,OK,700,700,2845,
abul9579,OK,1250,1250,3121,
abul9580,OK,750,750,2962,
abul9581,OK,650,650,2499,
abul9582,OK,1000,1000,2973,
abul9583,OK,650,650,2888,
abul9584,OK,650,650,2975,
abul9585,OK,700,700,2976,
abul9586,OK,1500,1500,2990,
abul9587,OK,700,700,2977,
abul9588,OK,510,510,2851,
abul9589,OK,1250,1250,2434,
abul9590,OK,1250,1250,2934,
abul9591,OK,510,510,2850,
abul9592,OK,550,550,2816,
abul9593,OK,800,800,2928,
abul9594,OK,575,575,2915,
abul9595,OK,550,550,3229,
abul9596,OK,700,700,2947,
abul9597,OK,575,575,2869,
abul9598,OK,1250,1250,2951,
abul9599,OK,700,700,2914,
abul9600,OK,600,600,2862,
abul9601,OK,510,510,2852,
abul9602,OK,525,525,2960,
abul9603,OK,575,575,2949,
abul9604,OK,750,750,2984,
abul9605,OK,1500,1500,2832,
abul9606,OK,650,650,2946,
abul9607,OK,510,510,3075,
abul9608,OK,750,750,2976,
abul9609,OK,550,550,2918,
abul9610,OK,1000,1000,2781,
abul9611,OK,525,525,2784,
abul9612,OK,575,575,2895,
abul9613,OK,510,510,2914,
abul9614,OK,650,650,2895,
abul9615,OK,800,800,3039,
abul9616,OK,600,600,2841,
abul9617,OK,1500,1500,2853,
abul9618,OK,800,800,2922,
abul9619,OK,600,600,2922,
abul9620,OK,600,600,2947,
abul9621,OK,750,750,2873,
abul9622,OK,750,750,2942,
abul9623,OK,750,750,3361,
abul9624,OK,800,800,2883,
abul9625,OK,1250,1250,2978,
abul9626,OK,700,700,2921,
abul9627,OK,700,700,2899,
abul9628,OK,800,800,2883,
abul9629,OK,525,525,2989,
abul9630,OK,700,700,3042,
abul9631,OK,1500,1500,2906,
abul9632,OK,800,800,3016,
abul9633,OK,510,510,2875,
abul9634,OK,575,575,2945,
abul9635,OK,575,575,2948,
abul9636,OK,525,525,2899,
abul9637,OK,550,550,2974,
abul9638,OK,1000,1000,2920,
abul9639,OK,800,800,2867,
abul9640,OK,525,525,2957,
abul9641,OK,750,750,2896,
abul9642,OK,575,575,2901,
abul9643,OK,700,700,2853,
abul9644,OK,800,800,2986,
abul9645,OK,600,600,2907,
abul9646,OK,700,700,2937,
abul9647,OK,1250,1250,2894,
abul9648,OK,1250,1250,3014,
abul9649,OK,525,525,2967,
abul9650,OK,600,600,2948,
abul9651,OK,700,700,2992,
abul9652,OK,575,575,2931,
abul9653,OK,600,600,2848,
abul9654,OK,650,650,3053,
abul9655,OK,510,510,3109,
abul9656,OK,1250,1250,2896,
abul9657,OK,650,650,2843,
abul9658,OK,1500,1500,2960,
abul9659,OK,1000,1000,3084,
abul9660,OK,510,510,2857,
abul9661,OK,1250,1250,2831,
abul9662,OK,575,575,3002,
abul9663,OK,750,750,3146,
abul9664,OK,600,600,2932,
abul9665,OK,1250,1250,2975,
abul9666,OK,700,700,2817,
abul9667,OK,600,600,3016,
abul9668,OK,800,800,2865,
abul9669,OK,650,650,2935,
abul9670,OK,650,650,2810,
abul9671,OK,1500,1500,3004,
abul9672,OK,800,800,2905,
abul9673,OK,800,800,2498,
abul9674,OK,1000,1000,2944,
abul9675,OK,1250,1250,2913,
abul9676,OK,510,510,2963,
abul9677,OK,650,650,2836,
abul9678,OK,575,575,2952,
abul9679,OK,550,550,2918,
abul9680,OK,800,800,2937,
abul9681,OK,510,510,2957,
abul9682,OK,510,510,2945,
abul9683,OK,550,550,2814,
abul9684,OK,800,800,2809,
abul9685,OK,700,700,2829,
abul9686,OK,1000,1000,2842,
abul9687,OK,1250,1250,2906,
abul9688,OK,750,750,2900,
abul9689,OK,600,600,3112,
abul9690,OK,600,600,3419,
abul9691,OK,800,800,2976,
abul9692,OK,600,600,2969,
abul9693,OK,650,650,2870,
abul9694,OK,700,700,2917,
abul9695,OK,1500,1500,2935,
abul9696,OK,800,800,3016,
abul9697,OK,525,525,2970,
abul9698,OK,510,510,2986,
abul9699,OK,575,575,2957,
abul9700,OK,575,575,2952,
abul9701,OK,1000,1000,2944,
abul9702,OK,575,575,2854,
abul9703,OK,525,525,2965,
abul9704,OK,1500,1500,2905,
abul9705,OK,1000,1000,2991,
abul9706,OK,1250,1250,2949,
abul9707,OK,700,700,2901,
abul9708,OK,550,550,3044,
abul9709,OK,1250,1250,2920,
abul9710,OK,800,800,2893,
abul9711,OK,525,525,2935,
abul9712,OK,1250,1250,2795,
abul9713,OK,1000,1000,2937,
abul9714,OK,600,600,2916,
abul9715,OK,1250,1250,2902,
abul9716,OK,575,575,3020,
abul9717,OK,600,600,2934,
abul9718,OK,510,510,2872,
abul9719,OK,1500,1500,2935,
abul9720,OK,600,600,3177,
abul9721,OK,575,575,2887,
abul9722,OK,750,750,2925,
abul9723,OK,550,550,2915,
abul9724,OK,1250,1250,2895,
abul9725,OK,800,800,2873,
abul9726,OK,1000,1000,2989,
abul9727,OK,800,800,2845,
abul9728,OK,600,600,2929,
abul9729,OK,1000,1000,2920,
abul9730,OK,550,550,2907,
abul9731,OK,750,750,2909,
abul9732,OK,1250,1250,2955,
abul9733,OK,510,510,2953,
abul9734,OK,525,525,2971,
abul9735,OK,600,600,2866,
abul9736,OK,575,575,2943,
abul9737,OK,600,600,2932,
abul9738,OK,510,510,2889,
abul9739,OK,1250,1250,2856,
abul9740,OK,525,525,2986,
abul9741,OK,1250,1250,3017,
abul9742,OK,1500,1500,2898,
abul9743,OK,1500,1500,2882,
abul9744,OK,1000,1000,2864,
abul9745,OK,525,525,2952,
abul9746,OK,700,700,2836,
abul9747,OK,750,750,2873,
abul9748,OK,1000,1000,2894,
abul9749,OK,750,750,2953,
abul9750,OK,800,800,2920,
abul9751,OK,1000,1000,2957,
abul9752,OK,800,800,2915,
abul9753,OK,525,525,2930,
abul9754,OK,510,510,2854,
abul9755,OK,525,525,2888,
abul9756,OK,510,510,2937,
abul9757,OK,525,525,2944,
abul9758,OK,525,525,3480,
abul9759,OK,550,550,2905,
abul9760,OK,550,550,2938,
abul9761,OK,550,550,2920,
abul9762,OK,1000,1000,2846,
abul9763,OK,1000,1000,2897,
abul9764,OK,700,700,2851,
abul9765,OK,600,600,2925,
abul9766,OK,575,575,2991,
abul9767,OK,1000,1000,2866,
abul9768,OK,525,525,2976,
abul9769,OK,575,575,2914,
abul9770,OK,510,510,2911,
abul9771,OK,1500,1500,2914,
abul9772,OK,1000,1000,2917,
abul9773,OK,525,525,2990,
abul9774,OK,1000,1000,2936,
abul9775,OK,600,600,2964,
abul9776,OK,1000,1000,2874,
abul9777,OK,525,525,2941,
abul9778,OK,1000,1000,2533,
abul9779,OK,525,525,2895,
abul9780,OK,525,525,2830,
abul9781,OK,550,550,3070,
abul9782,OK,750,750,2868,
abul9783,OK,1000,1000,2929,
abul9784,OK,700,700,2895,
abul9785,OK,600,600,2991,
abul9786,OK,700,700,2896,
abul9787,OK,550,550,2856,
abul9788,OK,550,550,2449,
abul9789,OK,1500,1500,2875,
abul9790,OK,800,800,2832,
abul9791,OK,700,700,2819,
abul9792,OK,1250,1250,2942,
abul9793,OK,575,575,3015,
abul9794,OK,800,800,2950,
abul9795,OK,750,750,2866,
abul9796,OK,750,750,2923,
abul9797,OK,1250,1250,2944,
abul9798,OK,510,510,2896,
abul9799,OK,525,525,2876,
abul9800,OK,510,510,2887,
abul9801,OK,525,525,2904,
abul9802,OK,1000,1000,2979,
abul9803,OK,750,750,2838,
abul9804,OK,550,550,2920,
abul9805,OK,600,600,2853,
abul9806,OK,510,510,2940,
abul9807,OK,510,510,2924,
abul9808,OK,525,525,2919,
abul9809,OK,550,550,2977,
abul9810,OK,700,700,2866,
abul9811,OK,525,525,2852,
abul9812,OK,700,700,2947,
abul9813,OK,600,600,2958,
abul9814,OK,1500,1500,2898,
abul9815,OK,525,525,2946,
abul9816,OK,1000,1000,2966,
abul9817,OK,550,550,2867,
abul9818,OK,650,650,2976,
abul9819,OK,750,750,2994,
abul9820,OK,700,700,2880,
abul9821,OK,800,800,2932,
abul9822,OK,525,525,3131,
abul9823,OK,550,550,3306,
abul9824,OK,700,700,2855,
abul9825,OK,750,750,2906,
abul9826,OK,1250,1250,2987,
abul9827,OK,650,650,2865,
abul9828,OK,550,550,2846,
abul9829,OK,800,800,2827,
abul9830,OK,650,650,2933,
abul9831,OK,510,510,2952,
abul9832,OK,510,510,2981,
abul9833,OK,650,650,2963,
abul9834,OK,575,575,2864,
abul9835,OK,1500,1500,2821,
abul9836,OK,650,650,2978,
abul9837,OK,650,650,3253,
abul9838,OK,1250,1250,2884,
abul9839,OK,650,650,2891,
abul9840,OK,650,650,2884,
abul9841,OK,800,800,2935,
abul9842,OK,1500,1500,2848,
abul9843,OK,510,510,2771,
abul9844,OK,575,575,2965,
abul9845,OK,1250,1250,2901,
abul9846,OK,575,575,2940,
abul9847,OK,510,510,2911,
abul9848,OK,575,575,2978,
abul9849,OK,700,700,2873,
abul9850,OK,1250,1250,3354,
abul9851,OK,575,575,2918,
abul9852,OK,510,510,2979,
abul9853,OK,800,800,2951,
abul9854,OK,1250,1250,2913,
abul9855,OK,1000,1000,2936,
abul9856,OK,700,700,2897,
abul9857,OK,550,550,3018,
abul9858,OK,650,650,2895,
abul9859,OK,800,800,2890,
abul9860,OK,525,525,2855,
abul9861,OK,1000,1000,2961,
abul9862,OK,600,600,2874,
abul9863,OK,700,700,2905,
abul9864,OK,575,575,2825,
abul9865,OK,575,575,2977,
abul9866,OK,1000,1000,2886,
abul9867,OK,510,510,2974,
abul9868,OK,800,800,2812,
abul9869,OK,700,700,2995,
abul9870,OK,575,575,2835,
abul9871,OK,1250,1250,2856,
abul9872,OK,550,550,2881,
abul9873,OK,575,575,2927,
abul9874,OK,525,525,3066,
abul9875,OK,1000,1000,2854,
abul9876,OK,650,650,2856,
abul9877,OK,800,800,2955,
abul9878,OK,750,750,2943,
abul9879,OK,600,600,2827,
abul9880,OK,525,525,2850,
abul9881,OK,650,650,2857,
abul9882,OK,510,510,2876,
abul9883,OK,525,525,2871,
abul9884,OK,1250,1250,2911,
abul9885,OK,700,700,2857,
abul9886,OK,1250,1250,3033,
abul9887,OK,1500,1500,2939,
abul9888,OK,700,700,2910,
abul9889,OK,1500,1500,2881,
abul9890,OK,1500,1500,3011,
abul9891,OK,750,750,2875,
abul9892,OK,550,550,2962,
abul9893,OK,750,750,2876,
abul9894,OK,1500,1500,2977,
abul9895,OK,750,750,2990,
abul9896,OK,1000,1000,2898,
abul9897,OK,600,600,2929,
abul9898,OK,600,600,2969,
abul9899,OK,750,750,2969,
abul9900,OK,1000,1000,2913,
abul9901,OK,700,700,2872,
abul9902,OK,750,750,2867,
abul9903,OK,600,600,2815,
abul9904,OK,525,525,2864,
abul9905,OK,575,575,2914,
abul9906,OK,600,600,2954,
abul9907,OK,1000,1000,2900,
abul9908,OK,750,750,2913,
abul9909,OK,800,800,2864,
abul9910,OK,1000,1000,2874,
abul9911,OK,650,650,2865,
abul9912,OK,650,650,2980,
abul9913,OK,650,650,2819,
abul9914,OK,525,525,2947,
abul9915,OK,1250,1250,2939,
abul9916,OK,750,750,2944,
abul9917,OK,510,510,2896,
abul9918,OK,575,575,2930,
abul9919,OK,525,525,2865,
abul9920,OK,1000,1000,3035,
abul9921,OK,575,575,2921,
abul9922,OK,525,525,2954,
abul9923,OK,1250,1250,2871,
abul9924,OK,1500,1500,2908,
abul9925,OK,510,510,3045,
abul9926,OK,550,550,2856,
abul9927,OK,650,650,2897,
abul9928,OK,525,525,2920,
abul9929,OK,650,650,3010,
abul9930,OK,1000,1000,2860,
abul9931,OK,575,575,2866,
abul9932,OK,510,510,2904,
abul9933,OK,800,800,2938,
abul9934,OK,550,550,2978,
abul9935,OK,1250,1250,2948,
abul9936,OK,1250,1250,2951,
abul9937,OK,650,650,2876,
abul9938,OK,550,550,2910,
abul9939,OK,1250,1250,2948,
abul9940,OK,600,600,2819,
abul9941,OK,700,700,2832,
abul9942,OK,510,510,2876,
abul9943,OK,600,600,2934,
abul9944,OK,550,550,2842,
abul9945,OK,700,700,2997,
abul9946,OK,700,700,2900,
abul9947,OK,650,650,2932,
abul9948,OK,800,800,2906,
abul9949,OK,575,575,3027,
abul9950,OK,700,700,2932,
abul9951,OK,525,525,2905,
abul9952,OK,510,510,2934,
abul9953,OK,1500,1500,2979,
abul9954,OK,510,510,2920,
abul9955,OK,575,575,2966,
abul9956,OK,525,525,2923,
abul9957,OK,700,700,3039,
abul9958,OK,800,800,2926,
abul9959,OK,510,510,2852,
abul9960,OK,575,575,2891,
abul9961,OK,1250,1250,2883,
abul9962,OK,550,550,2910,
abul9963,OK,510,510,2895,
abul9964,OK,525,525,2796,
abul9965,OK,510,510,2874,
abul9966,OK,575,575,2901,
abul9967,OK,600,600,2952,
abul9968,OK,1000,1000,2940,
abul9969,OK,1000,1000,2905,
abul9970,OK,750,750,2994,
abul9971,OK,510,510,2827,
abul9972,OK,1500,1500,2848,
abul9973,OK,800,800,2919,
abul9974,OK,575,575,2870,
abul9975,OK,650,650,2976,
abul9976,OK,750,750,3009,
abul9977,OK,550,550,2875,
abul9978,OK,750,750,2981,
abul9979,OK,800,800,2897,
abul9980,OK,650,650,2888,
abul9981,OK,525,525,2921,
abul9982,OK,1500,1500,2944,
abul9983,OK,510,510,2897,
abul9984,OK,750,750,2944,
abul9985,OK,1250,1250,2848,
abul9986,OK,800,800,2837,
abul9987,OK,525,525,2953,
abul9988,OK,650,650,2925,
abul9989,OK,525,525,3003,
abul9990,OK,650,650,2953,
abul9991,OK,510,510,2954,
abul9992,OK,800,800,2906,
abul9993,OK,700,700,2938,
abul9994,OK,1500,1500,2927,
abul9995,OK,1250,1250,2852,
abul9996,OK,750,750,2890,
abul9997,OK,600,600,2905,
abul9998,OK,1250,1250,2805,
abul9999,OK,510,510,2911,
